set;clf_name;selector_name;n_features;accuracy
sets;logit;rfe;132;0.7560975609756098
sets;logit;rfe;131;0.7560975609756098
sets;logit;rfe;130;0.7560975609756098
sets;logit;rfe;129;0.7560975609756098
sets;logit;rfe;128;0.7560975609756098
sets;logit;rfe;127;0.7560975609756098
sets;logit;rfe;126;0.7560975609756098
sets;logit;rfe;125;0.7560975609756098
sets;logit;rfe;124;0.7560975609756098
sets;logit;rfe;123;0.7560975609756098
sets;logit;rfe;122;0.7560975609756098
sets;logit;rfe;121;0.7560975609756098
sets;logit;rfe;120;0.7560975609756098
sets;logit;rfe;119;0.7560975609756098
sets;logit;rfe;118;0.7560975609756098
sets;logit;rfe;117;0.7560975609756098
sets;logit;rfe;116;0.7560975609756098
sets;logit;rfe;115;0.7560975609756098
sets;logit;rfe;114;0.7560975609756098
sets;logit;rfe;113;0.7560975609756098
sets;logit;rfe;112;0.7560975609756098
sets;logit;rfe;111;0.7560975609756098
sets;logit;rfe;110;0.7560975609756098
sets;logit;rfe;109;0.7560975609756098
sets;logit;rfe;108;0.7560975609756098
sets;logit;rfe;107;0.7560975609756098
sets;logit;rfe;106;0.7560975609756098
sets;logit;rfe;105;0.7560975609756098
sets;logit;rfe;104;0.7560975609756098
sets;logit;rfe;103;0.7804878048780488
sets;logit;rfe;102;0.7804878048780488
sets;logit;rfe;101;0.7804878048780488
sets;logit;rfe;100;0.7804878048780488
sets;logit;rfe;99;0.7560975609756098
sets;logit;rfe;98;0.7560975609756098
sets;logit;rfe;97;0.7560975609756098
sets;logit;rfe;96;0.7804878048780488
sets;logit;rfe;95;0.7804878048780488
sets;logit;rfe;94;0.7804878048780488
sets;logit;rfe;93;0.7804878048780488
sets;logit;rfe;92;0.7804878048780488
sets;logit;rfe;91;0.8048780487804879
sets;logit;rfe;90;0.7804878048780488
sets;logit;rfe;89;0.7804878048780488
sets;logit;rfe;88;0.8048780487804879
sets;logit;rfe;87;0.7560975609756098
sets;logit;rfe;86;0.7560975609756098
sets;logit;rfe;85;0.7804878048780488
sets;logit;rfe;84;0.7560975609756098
sets;logit;rfe;83;0.7560975609756098
sets;logit;rfe;82;0.7560975609756098
sets;logit;rfe;81;0.7560975609756098
sets;logit;rfe;80;0.7804878048780488
sets;svm;rfe;132;0.8536585365853658
sets;svm;rfe;131;0.8536585365853658
sets;svm;rfe;130;0.8536585365853658
sets;svm;rfe;129;0.8536585365853658
sets;svm;rfe;128;0.8536585365853658
sets;svm;rfe;127;0.8536585365853658
sets;svm;rfe;126;0.8536585365853658
sets;svm;rfe;125;0.8536585365853658
sets;svm;rfe;124;0.8536585365853658
sets;svm;rfe;123;0.8536585365853658
sets;svm;rfe;122;0.8536585365853658
sets;svm;rfe;121;0.8536585365853658
sets;svm;rfe;120;0.8536585365853658
sets;svm;rfe;119;0.8536585365853658
sets;svm;rfe;118;0.8536585365853658
sets;svm;rfe;117;0.8536585365853658
sets;svm;rfe;116;0.8536585365853658
sets;svm;rfe;115;0.8536585365853658
sets;svm;rfe;114;0.8536585365853658
sets;svm;rfe;113;0.8536585365853658
sets;svm;rfe;112;0.8536585365853658
sets;svm;rfe;111;0.8536585365853658
sets;svm;rfe;110;0.8536585365853658
sets;svm;rfe;109;0.8536585365853658
sets;svm;rfe;108;0.8536585365853658
sets;svm;rfe;107;0.8536585365853658
sets;svm;rfe;106;0.8536585365853658
sets;svm;rfe;105;0.8536585365853658
sets;svm;rfe;104;0.8536585365853658
sets;svm;rfe;103;0.8536585365853658
sets;svm;rfe;102;0.8536585365853658
sets;svm;rfe;101;0.8536585365853658
sets;svm;rfe;100;0.8536585365853658
sets;svm;rfe;99;0.8536585365853658
sets;svm;rfe;98;0.8536585365853658
sets;svm;rfe;97;0.8536585365853658
sets;svm;rfe;96;0.8536585365853658
sets;svm;rfe;95;0.8536585365853658
sets;svm;rfe;94;0.8536585365853658
sets;svm;rfe;93;0.8536585365853658
sets;svm;rfe;92;0.8536585365853658
sets;svm;rfe;91;0.8536585365853658
sets;svm;rfe;90;0.8536585365853658
sets;svm;rfe;89;0.8536585365853658
sets;svm;rfe;88;0.8536585365853658
sets;svm;rfe;87;0.8536585365853658
sets;svm;rfe;86;0.8536585365853658
sets;svm;rfe;85;0.8536585365853658
sets;svm;rfe;84;0.8292682926829268
sets;svm;rfe;83;0.8292682926829268
sets;svm;rfe;82;0.8292682926829268
sets;svm;rfe;81;0.8292682926829268
sets;svm;rfe;80;0.8292682926829268
sets;knn;rfe;132;0.7317073170731707
sets;ncentroids;rfe;132;0.4146341463414634
sets;tree;rfe;132;0.926829268292683
sets;tree;rfe;131;0.926829268292683
sets;tree;rfe;130;0.926829268292683
sets;tree;rfe;129;0.9024390243902439
sets;tree;rfe;128;0.926829268292683
sets;tree;rfe;127;0.9024390243902439
sets;tree;rfe;126;0.926829268292683
sets;tree;rfe;125;0.9024390243902439
sets;tree;rfe;124;0.926829268292683
sets;tree;rfe;123;0.926829268292683
sets;tree;rfe;122;0.9024390243902439
sets;tree;rfe;121;0.926829268292683
sets;tree;rfe;120;0.926829268292683
sets;tree;rfe;119;0.926829268292683
sets;tree;rfe;118;0.9024390243902439
sets;tree;rfe;117;0.926829268292683
sets;tree;rfe;116;0.926829268292683
sets;tree;rfe;115;0.926829268292683
sets;tree;rfe;114;0.926829268292683
sets;tree;rfe;113;0.926829268292683
sets;tree;rfe;112;0.9024390243902439
sets;tree;rfe;111;0.926829268292683
sets;tree;rfe;110;0.9024390243902439
sets;tree;rfe;109;0.926829268292683
sets;tree;rfe;108;0.926829268292683
sets;tree;rfe;107;0.9024390243902439
sets;tree;rfe;106;0.926829268292683
sets;tree;rfe;105;0.926829268292683
sets;tree;rfe;104;0.926829268292683
sets;tree;rfe;103;0.926829268292683
sets;tree;rfe;102;0.926829268292683
sets;tree;rfe;101;0.926829268292683
sets;tree;rfe;100;0.926829268292683
sets;tree;rfe;99;0.9024390243902439
sets;tree;rfe;98;0.926829268292683
sets;tree;rfe;97;0.9024390243902439
sets;tree;rfe;96;0.926829268292683
sets;tree;rfe;95;0.926829268292683
sets;tree;rfe;94;0.9024390243902439
sets;tree;rfe;93;0.9024390243902439
sets;tree;rfe;92;0.9024390243902439
sets;tree;rfe;91;0.926829268292683
sets;tree;rfe;90;0.926829268292683
sets;tree;rfe;89;0.9024390243902439
sets;tree;rfe;88;0.926829268292683
sets;tree;rfe;87;0.926829268292683
sets;tree;rfe;86;0.926829268292683
sets;tree;rfe;85;0.8780487804878049
sets;tree;rfe;84;0.926829268292683
sets;tree;rfe;83;0.9024390243902439
sets;tree;rfe;82;0.9024390243902439
sets;tree;rfe;81;0.926829268292683
sets;tree;rfe;80;0.926829268292683
sets;extratree;rfe;132;0.7073170731707317
sets;extratree;rfe;131;0.7560975609756098
sets;extratree;rfe;130;0.6097560975609756
sets;extratree;rfe;129;0.8048780487804879
sets;extratree;rfe;128;0.7560975609756098
sets;extratree;rfe;127;0.7317073170731707
sets;extratree;rfe;126;0.7560975609756098
sets;extratree;rfe;125;0.7560975609756098
sets;extratree;rfe;124;0.7804878048780488
sets;extratree;rfe;123;0.7560975609756098
sets;extratree;rfe;122;0.7317073170731707
sets;extratree;rfe;121;0.7073170731707317
sets;extratree;rfe;120;0.7560975609756098
sets;extratree;rfe;119;0.8048780487804879
sets;extratree;rfe;118;0.7317073170731707
sets;extratree;rfe;117;0.8292682926829268
sets;extratree;rfe;116;0.7073170731707317
sets;extratree;rfe;115;0.7073170731707317
sets;extratree;rfe;114;0.7317073170731707
sets;extratree;rfe;113;0.8536585365853658
sets;extratree;rfe;112;0.7560975609756098
sets;extratree;rfe;111;0.7073170731707317
sets;extratree;rfe;110;0.8292682926829268
sets;extratree;rfe;109;0.8048780487804879
sets;extratree;rfe;108;0.6829268292682927
sets;extratree;rfe;107;0.8048780487804879
sets;extratree;rfe;106;0.7560975609756098
sets;extratree;rfe;105;0.6585365853658537
sets;extratree;rfe;104;0.7073170731707317
sets;extratree;rfe;103;0.7560975609756098
sets;extratree;rfe;102;0.6829268292682927
sets;extratree;rfe;101;0.6585365853658537
sets;extratree;rfe;100;0.8292682926829268
sets;extratree;rfe;99;0.7804878048780488
sets;extratree;rfe;98;0.7804878048780488
sets;extratree;rfe;97;0.7317073170731707
sets;extratree;rfe;96;0.7317073170731707
sets;extratree;rfe;95;0.7317073170731707
sets;extratree;rfe;94;0.6829268292682927
sets;extratree;rfe;93;0.7804878048780488
sets;extratree;rfe;92;0.8048780487804879
sets;extratree;rfe;91;0.6585365853658537
sets;extratree;rfe;90;0.7073170731707317
sets;extratree;rfe;89;0.7073170731707317
sets;extratree;rfe;88;0.7804878048780488
sets;extratree;rfe;87;0.7073170731707317
sets;extratree;rfe;86;0.6097560975609756
sets;extratree;rfe;85;0.7317073170731707
sets;extratree;rfe;84;0.7804878048780488
sets;extratree;rfe;83;0.6341463414634146
sets;extratree;rfe;82;0.5609756097560976
sets;extratree;rfe;81;0.8048780487804879
sets;extratree;rfe;80;0.6341463414634146
sets;adaboost;rfe;132;0.36585365853658536
sets;adaboost;rfe;131;0.36585365853658536
sets;adaboost;rfe;130;0.36585365853658536
sets;adaboost;rfe;129;0.36585365853658536
sets;adaboost;rfe;128;0.36585365853658536
sets;adaboost;rfe;127;0.36585365853658536
sets;adaboost;rfe;126;0.36585365853658536
sets;adaboost;rfe;125;0.36585365853658536
sets;adaboost;rfe;124;0.36585365853658536
sets;adaboost;rfe;123;0.36585365853658536
sets;adaboost;rfe;122;0.36585365853658536
sets;adaboost;rfe;121;0.36585365853658536
sets;adaboost;rfe;120;0.36585365853658536
sets;adaboost;rfe;119;0.36585365853658536
sets;adaboost;rfe;118;0.36585365853658536
sets;adaboost;rfe;117;0.36585365853658536
sets;adaboost;rfe;116;0.36585365853658536
sets;adaboost;rfe;115;0.36585365853658536
sets;adaboost;rfe;114;0.36585365853658536
sets;adaboost;rfe;113;0.36585365853658536
sets;adaboost;rfe;112;0.36585365853658536
sets;adaboost;rfe;111;0.36585365853658536
sets;adaboost;rfe;110;0.36585365853658536
sets;adaboost;rfe;109;0.36585365853658536
sets;adaboost;rfe;108;0.36585365853658536
sets;adaboost;rfe;107;0.36585365853658536
sets;adaboost;rfe;106;0.36585365853658536
sets;adaboost;rfe;105;0.36585365853658536
sets;adaboost;rfe;104;0.36585365853658536
sets;adaboost;rfe;103;0.36585365853658536
sets;adaboost;rfe;102;0.36585365853658536
sets;adaboost;rfe;101;0.36585365853658536
sets;adaboost;rfe;100;0.36585365853658536
sets;adaboost;rfe;99;0.36585365853658536
sets;adaboost;rfe;98;0.36585365853658536
sets;adaboost;rfe;97;0.36585365853658536
sets;adaboost;rfe;96;0.36585365853658536
sets;adaboost;rfe;95;0.36585365853658536
sets;adaboost;rfe;94;0.36585365853658536
sets;adaboost;rfe;93;0.36585365853658536
sets;adaboost;rfe;92;0.36585365853658536
sets;adaboost;rfe;91;0.36585365853658536
sets;adaboost;rfe;90;0.36585365853658536
sets;adaboost;rfe;89;0.36585365853658536
sets;adaboost;rfe;88;0.36585365853658536
sets;adaboost;rfe;87;0.36585365853658536
sets;adaboost;rfe;86;0.36585365853658536
sets;adaboost;rfe;85;0.36585365853658536
sets;adaboost;rfe;84;0.36585365853658536
sets;adaboost;rfe;83;0.36585365853658536
sets;adaboost;rfe;82;0.36585365853658536
sets;adaboost;rfe;81;0.36585365853658536
sets;adaboost;rfe;80;0.36585365853658536
sets;bagging;rfe;132;0.8536585365853658
sets;extratreeS;rfe;132;0.926829268292683
sets;extratreeS;rfe;131;0.8780487804878049
sets;extratreeS;rfe;130;0.9024390243902439
sets;extratreeS;rfe;129;0.9024390243902439
sets;extratreeS;rfe;128;0.8780487804878049
sets;extratreeS;rfe;127;0.8780487804878049
sets;extratreeS;rfe;126;0.9024390243902439
sets;extratreeS;rfe;125;1.0
sets;extratreeS;rfe;124;0.8292682926829268
sets;extratreeS;rfe;123;0.8780487804878049
sets;extratreeS;rfe;122;0.9024390243902439
sets;extratreeS;rfe;121;0.8780487804878049
sets;extratreeS;rfe;120;0.8292682926829268
sets;extratreeS;rfe;119;0.9024390243902439
sets;extratreeS;rfe;118;0.8292682926829268
sets;extratreeS;rfe;117;0.9512195121951219
sets;extratreeS;rfe;116;0.9024390243902439
sets;extratreeS;rfe;115;0.975609756097561
sets;extratreeS;rfe;114;0.8536585365853658
sets;extratreeS;rfe;113;0.8536585365853658
sets;extratreeS;rfe;112;0.8780487804878049
sets;extratreeS;rfe;111;0.9512195121951219
sets;extratreeS;rfe;110;0.8292682926829268
sets;extratreeS;rfe;109;0.975609756097561
sets;extratreeS;rfe;108;0.8536585365853658
sets;extratreeS;rfe;107;0.926829268292683
sets;extratreeS;rfe;106;0.8780487804878049
sets;extratreeS;rfe;105;0.9024390243902439
sets;extratreeS;rfe;104;0.9024390243902439
sets;extratreeS;rfe;103;0.8780487804878049
sets;extratreeS;rfe;102;0.926829268292683
sets;extratreeS;rfe;101;0.8780487804878049
sets;extratreeS;rfe;100;0.8780487804878049
sets;extratreeS;rfe;99;0.975609756097561
sets;extratreeS;rfe;98;0.8536585365853658
sets;extratreeS;rfe;97;0.8780487804878049
sets;extratreeS;rfe;96;0.9024390243902439
sets;extratreeS;rfe;95;0.926829268292683
sets;extratreeS;rfe;94;0.8780487804878049
sets;extratreeS;rfe;93;0.8780487804878049
sets;extratreeS;rfe;92;0.8780487804878049
sets;extratreeS;rfe;91;0.8780487804878049
sets;extratreeS;rfe;90;0.8780487804878049
sets;extratreeS;rfe;89;0.8780487804878049
sets;extratreeS;rfe;88;0.9024390243902439
sets;extratreeS;rfe;87;0.8780487804878049
sets;extratreeS;rfe;86;0.8292682926829268
sets;extratreeS;rfe;85;0.9024390243902439
sets;extratreeS;rfe;84;0.975609756097561
sets;extratreeS;rfe;83;0.8536585365853658
sets;extratreeS;rfe;82;0.8780487804878049
sets;extratreeS;rfe;81;0.7804878048780488
sets;extratreeS;rfe;80;0.8536585365853658
sets;gradientboost;rfe;132;0.8780487804878049
sets;gradientboost;rfe;131;0.8780487804878049
sets;gradientboost;rfe;130;0.8780487804878049
sets;gradientboost;rfe;129;0.8780487804878049
sets;gradientboost;rfe;128;0.8780487804878049
sets;gradientboost;rfe;127;0.9024390243902439
sets;gradientboost;rfe;126;0.8780487804878049
sets;gradientboost;rfe;125;0.8780487804878049
sets;gradientboost;rfe;124;0.8780487804878049
sets;gradientboost;rfe;123;0.9024390243902439
sets;gradientboost;rfe;122;0.8780487804878049
sets;gradientboost;rfe;121;0.8780487804878049
sets;gradientboost;rfe;120;0.9024390243902439
sets;gradientboost;rfe;119;0.8780487804878049
sets;gradientboost;rfe;118;0.8780487804878049
sets;gradientboost;rfe;117;0.9024390243902439
sets;gradientboost;rfe;116;0.9024390243902439
sets;gradientboost;rfe;115;0.9024390243902439
sets;gradientboost;rfe;114;0.9024390243902439
sets;gradientboost;rfe;113;0.8780487804878049
sets;gradientboost;rfe;112;0.9024390243902439
sets;gradientboost;rfe;111;0.8780487804878049
sets;gradientboost;rfe;110;0.8780487804878049
sets;gradientboost;rfe;109;0.8780487804878049
sets;gradientboost;rfe;108;0.8780487804878049
sets;gradientboost;rfe;107;0.9024390243902439
sets;gradientboost;rfe;106;0.9024390243902439
sets;gradientboost;rfe;105;0.9024390243902439
sets;gradientboost;rfe;104;0.8780487804878049
sets;gradientboost;rfe;103;0.8780487804878049
sets;gradientboost;rfe;102;0.8780487804878049
sets;gradientboost;rfe;101;0.9024390243902439
sets;gradientboost;rfe;100;0.926829268292683
sets;gradientboost;rfe;99;0.926829268292683
sets;gradientboost;rfe;98;0.9024390243902439
sets;gradientboost;rfe;97;0.8536585365853658
sets;gradientboost;rfe;96;0.926829268292683
sets;gradientboost;rfe;95;0.926829268292683
sets;gradientboost;rfe;94;0.926829268292683
sets;gradientboost;rfe;93;0.926829268292683
sets;gradientboost;rfe;92;0.926829268292683
sets;gradientboost;rfe;91;0.926829268292683
sets;gradientboost;rfe;90;0.8780487804878049
sets;gradientboost;rfe;89;0.8780487804878049
sets;gradientboost;rfe;88;0.8780487804878049
sets;gradientboost;rfe;87;0.926829268292683
sets;gradientboost;rfe;86;0.926829268292683
sets;gradientboost;rfe;85;0.926829268292683
sets;gradientboost;rfe;84;0.926829268292683
sets;gradientboost;rfe;83;0.926829268292683
sets;gradientboost;rfe;82;0.926829268292683
sets;gradientboost;rfe;81;0.926829268292683
sets;gradientboost;rfe;80;0.8536585365853658
sets;rndforest;rfe;132;0.8536585365853658
sets;rndforest;rfe;131;0.9024390243902439
sets;rndforest;rfe;130;0.9024390243902439
sets;rndforest;rfe;129;0.8780487804878049
sets;rndforest;rfe;128;0.8292682926829268
sets;rndforest;rfe;127;0.926829268292683
sets;rndforest;rfe;126;0.926829268292683
sets;rndforest;rfe;125;0.9024390243902439
sets;rndforest;rfe;124;0.8780487804878049
sets;rndforest;rfe;123;0.8536585365853658
sets;rndforest;rfe;122;0.8536585365853658
sets;rndforest;rfe;121;0.926829268292683
sets;rndforest;rfe;120;0.9024390243902439
sets;rndforest;rfe;119;0.9024390243902439
sets;rndforest;rfe;118;0.9024390243902439
sets;rndforest;rfe;117;0.8536585365853658
sets;rndforest;rfe;116;0.8780487804878049
sets;rndforest;rfe;115;0.8780487804878049
sets;rndforest;rfe;114;0.9024390243902439
sets;rndforest;rfe;113;0.8780487804878049
sets;rndforest;rfe;112;0.8536585365853658
sets;rndforest;rfe;111;0.926829268292683
sets;rndforest;rfe;110;0.9024390243902439
sets;rndforest;rfe;109;0.8536585365853658
sets;rndforest;rfe;108;0.9024390243902439
sets;rndforest;rfe;107;0.8780487804878049
sets;rndforest;rfe;106;0.926829268292683
sets;rndforest;rfe;105;0.926829268292683
sets;rndforest;rfe;104;0.8536585365853658
sets;rndforest;rfe;103;0.8780487804878049
sets;rndforest;rfe;102;0.9024390243902439
sets;rndforest;rfe;101;0.9024390243902439
sets;rndforest;rfe;100;0.8780487804878049
sets;rndforest;rfe;99;0.8780487804878049
sets;rndforest;rfe;98;0.8292682926829268
sets;rndforest;rfe;97;0.8048780487804879
sets;rndforest;rfe;96;0.8780487804878049
sets;rndforest;rfe;95;0.8780487804878049
sets;rndforest;rfe;94;0.926829268292683
sets;rndforest;rfe;93;0.926829268292683
sets;rndforest;rfe;92;0.9024390243902439
sets;rndforest;rfe;91;0.8780487804878049
sets;rndforest;rfe;90;0.8780487804878049
sets;rndforest;rfe;89;0.9024390243902439
sets;rndforest;rfe;88;0.8292682926829268
sets;rndforest;rfe;87;0.8536585365853658
sets;rndforest;rfe;86;0.926829268292683
sets;rndforest;rfe;85;0.8780487804878049
sets;rndforest;rfe;84;0.9024390243902439
sets;rndforest;rfe;83;0.8536585365853658
sets;rndforest;rfe;82;0.9024390243902439
sets;rndforest;rfe;81;0.8536585365853658
sets;rndforest;rfe;80;0.8780487804878049
sets;mlp;rfe;132;0.8780487804878049
sets;logit;pca;132;0.8048780487804879
sets;logit;pca;131;0.8048780487804879
sets;logit;pca;130;0.8048780487804879
sets;logit;pca;129;0.8048780487804879
sets;logit;pca;128;0.8048780487804879
sets;logit;pca;127;0.8048780487804879
sets;logit;pca;126;0.8048780487804879
sets;logit;pca;125;0.8048780487804879
sets;logit;pca;124;0.8048780487804879
sets;logit;pca;123;0.8048780487804879
sets;logit;pca;122;0.8048780487804879
sets;logit;pca;121;0.8048780487804879
sets;logit;pca;120;0.8048780487804879
sets;logit;pca;119;0.8048780487804879
sets;logit;pca;118;0.8048780487804879
sets;logit;pca;117;0.8048780487804879
sets;logit;pca;116;0.8048780487804879
sets;logit;pca;115;0.8048780487804879
sets;logit;pca;114;0.8048780487804879
sets;logit;pca;113;0.8048780487804879
sets;logit;pca;112;0.8048780487804879
sets;logit;pca;111;0.8048780487804879
sets;logit;pca;110;0.8048780487804879
sets;logit;pca;109;0.8048780487804879
sets;logit;pca;108;0.8048780487804879
sets;logit;pca;107;0.8048780487804879
sets;logit;pca;106;0.8048780487804879
sets;logit;pca;105;0.8048780487804879
sets;logit;pca;104;0.8048780487804879
sets;logit;pca;103;0.8048780487804879
sets;logit;pca;102;0.8048780487804879
sets;logit;pca;101;0.8048780487804879
sets;logit;pca;100;0.8048780487804879
sets;logit;pca;99;0.8048780487804879
sets;logit;pca;98;0.8048780487804879
sets;logit;pca;97;0.8048780487804879
sets;logit;pca;96;0.8048780487804879
sets;logit;pca;95;0.8048780487804879
sets;logit;pca;94;0.8048780487804879
sets;logit;pca;93;0.8048780487804879
sets;logit;pca;92;0.8048780487804879
sets;logit;pca;91;0.8048780487804879
sets;logit;pca;90;0.8048780487804879
sets;logit;pca;89;0.8048780487804879
sets;logit;pca;88;0.8048780487804879
sets;logit;pca;87;0.8048780487804879
sets;logit;pca;86;0.8048780487804879
sets;logit;pca;85;0.8048780487804879
sets;logit;pca;84;0.8048780487804879
sets;logit;pca;83;0.8048780487804879
sets;logit;pca;82;0.8048780487804879
sets;logit;pca;81;0.8048780487804879
sets;logit;pca;80;0.8048780487804879
sets;svm;pca;132;0.8536585365853658
sets;svm;pca;131;0.8536585365853658
sets;svm;pca;130;0.8536585365853658
sets;svm;pca;129;0.8536585365853658
sets;svm;pca;128;0.8536585365853658
sets;svm;pca;127;0.8536585365853658
sets;svm;pca;126;0.8536585365853658
sets;svm;pca;125;0.8536585365853658
sets;svm;pca;124;0.8536585365853658
sets;svm;pca;123;0.8536585365853658
sets;svm;pca;122;0.8536585365853658
sets;svm;pca;121;0.8536585365853658
sets;svm;pca;120;0.8536585365853658
sets;svm;pca;119;0.8536585365853658
sets;svm;pca;118;0.8536585365853658
sets;svm;pca;117;0.8536585365853658
sets;svm;pca;116;0.8536585365853658
sets;svm;pca;115;0.8536585365853658
sets;svm;pca;114;0.8536585365853658
sets;svm;pca;113;0.8536585365853658
sets;svm;pca;112;0.8536585365853658
sets;svm;pca;111;0.8536585365853658
sets;svm;pca;110;0.8536585365853658
sets;svm;pca;109;0.8536585365853658
sets;svm;pca;108;0.8536585365853658
sets;svm;pca;107;0.8536585365853658
sets;svm;pca;106;0.8536585365853658
sets;svm;pca;105;0.8536585365853658
sets;svm;pca;104;0.8536585365853658
sets;svm;pca;103;0.8536585365853658
sets;svm;pca;102;0.8536585365853658
sets;svm;pca;101;0.8536585365853658
sets;svm;pca;100;0.8536585365853658
sets;svm;pca;99;0.8536585365853658
sets;svm;pca;98;0.8536585365853658
sets;svm;pca;97;0.8536585365853658
sets;svm;pca;96;0.8536585365853658
sets;svm;pca;95;0.8536585365853658
sets;svm;pca;94;0.8536585365853658
sets;svm;pca;93;0.8536585365853658
sets;svm;pca;92;0.8536585365853658
sets;svm;pca;91;0.8536585365853658
sets;svm;pca;90;0.8536585365853658
sets;svm;pca;89;0.8536585365853658
sets;svm;pca;88;0.8536585365853658
sets;svm;pca;87;0.8536585365853658
sets;svm;pca;86;0.8536585365853658
sets;svm;pca;85;0.8536585365853658
sets;svm;pca;84;0.8536585365853658
sets;svm;pca;83;0.8536585365853658
sets;svm;pca;82;0.8536585365853658
sets;svm;pca;81;0.8536585365853658
sets;svm;pca;80;0.8536585365853658
sets;knn;pca;132;0.7317073170731707
sets;knn;pca;131;0.7317073170731707
sets;knn;pca;130;0.7317073170731707
sets;knn;pca;129;0.7317073170731707
sets;knn;pca;128;0.7317073170731707
sets;knn;pca;127;0.7317073170731707
sets;knn;pca;126;0.7317073170731707
sets;knn;pca;125;0.7317073170731707
sets;knn;pca;124;0.7317073170731707
sets;knn;pca;123;0.7317073170731707
sets;knn;pca;122;0.7317073170731707
sets;knn;pca;121;0.7317073170731707
sets;knn;pca;120;0.7317073170731707
sets;knn;pca;119;0.7317073170731707
sets;knn;pca;118;0.7317073170731707
sets;knn;pca;117;0.7317073170731707
sets;knn;pca;116;0.7317073170731707
sets;knn;pca;115;0.7317073170731707
sets;knn;pca;114;0.7317073170731707
sets;knn;pca;113;0.7317073170731707
sets;knn;pca;112;0.7317073170731707
sets;knn;pca;111;0.7317073170731707
sets;knn;pca;110;0.7317073170731707
sets;knn;pca;109;0.7317073170731707
sets;knn;pca;108;0.7317073170731707
sets;knn;pca;107;0.7317073170731707
sets;knn;pca;106;0.7317073170731707
sets;knn;pca;105;0.7317073170731707
sets;knn;pca;104;0.7317073170731707
sets;knn;pca;103;0.7317073170731707
sets;knn;pca;102;0.7317073170731707
sets;knn;pca;101;0.7317073170731707
sets;knn;pca;100;0.7317073170731707
sets;knn;pca;99;0.7317073170731707
sets;knn;pca;98;0.7317073170731707
sets;knn;pca;97;0.7317073170731707
sets;knn;pca;96;0.7317073170731707
sets;knn;pca;95;0.7317073170731707
sets;knn;pca;94;0.7317073170731707
sets;knn;pca;93;0.7317073170731707
sets;knn;pca;92;0.7317073170731707
sets;knn;pca;91;0.7317073170731707
sets;knn;pca;90;0.7317073170731707
sets;knn;pca;89;0.7317073170731707
sets;knn;pca;88;0.7317073170731707
sets;knn;pca;87;0.7317073170731707
sets;knn;pca;86;0.7317073170731707
sets;knn;pca;85;0.7317073170731707
sets;knn;pca;84;0.7317073170731707
sets;knn;pca;83;0.7317073170731707
sets;knn;pca;82;0.7317073170731707
sets;knn;pca;81;0.7317073170731707
sets;knn;pca;80;0.7317073170731707
sets;ncentroids;pca;132;0.4146341463414634
sets;ncentroids;pca;131;0.4146341463414634
sets;ncentroids;pca;130;0.4146341463414634
sets;ncentroids;pca;129;0.4146341463414634
sets;ncentroids;pca;128;0.4146341463414634
sets;ncentroids;pca;127;0.4146341463414634
sets;ncentroids;pca;126;0.4146341463414634
sets;ncentroids;pca;125;0.4146341463414634
sets;ncentroids;pca;124;0.4146341463414634
sets;ncentroids;pca;123;0.4146341463414634
sets;ncentroids;pca;122;0.4146341463414634
sets;ncentroids;pca;121;0.4146341463414634
sets;ncentroids;pca;120;0.4146341463414634
sets;ncentroids;pca;119;0.4146341463414634
sets;ncentroids;pca;118;0.4146341463414634
sets;ncentroids;pca;117;0.4146341463414634
sets;ncentroids;pca;116;0.4146341463414634
sets;ncentroids;pca;115;0.4146341463414634
sets;ncentroids;pca;114;0.4146341463414634
sets;ncentroids;pca;113;0.4146341463414634
sets;ncentroids;pca;112;0.4146341463414634
sets;ncentroids;pca;111;0.4146341463414634
sets;ncentroids;pca;110;0.4146341463414634
sets;ncentroids;pca;109;0.4146341463414634
sets;ncentroids;pca;108;0.4146341463414634
sets;ncentroids;pca;107;0.4146341463414634
sets;ncentroids;pca;106;0.4146341463414634
sets;ncentroids;pca;105;0.4146341463414634
sets;ncentroids;pca;104;0.4146341463414634
sets;ncentroids;pca;103;0.4146341463414634
sets;ncentroids;pca;102;0.4146341463414634
sets;ncentroids;pca;101;0.4146341463414634
sets;ncentroids;pca;100;0.4146341463414634
sets;ncentroids;pca;99;0.4146341463414634
sets;ncentroids;pca;98;0.4146341463414634
sets;ncentroids;pca;97;0.4146341463414634
sets;ncentroids;pca;96;0.4146341463414634
sets;ncentroids;pca;95;0.4146341463414634
sets;ncentroids;pca;94;0.4146341463414634
sets;ncentroids;pca;93;0.4146341463414634
sets;ncentroids;pca;92;0.4146341463414634
sets;ncentroids;pca;91;0.4146341463414634
sets;ncentroids;pca;90;0.4146341463414634
sets;ncentroids;pca;89;0.4146341463414634
sets;ncentroids;pca;88;0.4146341463414634
sets;ncentroids;pca;87;0.4146341463414634
sets;ncentroids;pca;86;0.4146341463414634
sets;ncentroids;pca;85;0.4146341463414634
sets;ncentroids;pca;84;0.4146341463414634
sets;ncentroids;pca;83;0.4146341463414634
sets;ncentroids;pca;82;0.4146341463414634
sets;ncentroids;pca;81;0.4146341463414634
sets;ncentroids;pca;80;0.4146341463414634
sets;tree;pca;132;0.6341463414634146
sets;tree;pca;131;0.7317073170731707
sets;tree;pca;130;0.6829268292682927
sets;tree;pca;129;0.6341463414634146
sets;tree;pca;128;0.6585365853658537
sets;tree;pca;127;0.7073170731707317
sets;tree;pca;126;0.7073170731707317
sets;tree;pca;125;0.6829268292682927
sets;tree;pca;124;0.7560975609756098
sets;tree;pca;123;0.7317073170731707
sets;tree;pca;122;0.6829268292682927
sets;tree;pca;121;0.6829268292682927
sets;tree;pca;120;0.6341463414634146
sets;tree;pca;119;0.7073170731707317
sets;tree;pca;118;0.5609756097560976
sets;tree;pca;117;0.7317073170731707
sets;tree;pca;116;0.7560975609756098
sets;tree;pca;115;0.5853658536585366
sets;tree;pca;114;0.6829268292682927
sets;tree;pca;113;0.6097560975609756
sets;tree;pca;112;0.6585365853658537
sets;tree;pca;111;0.6585365853658537
sets;tree;pca;110;0.6585365853658537
sets;tree;pca;109;0.7560975609756098
sets;tree;pca;108;0.6341463414634146
sets;tree;pca;107;0.7317073170731707
sets;tree;pca;106;0.7073170731707317
sets;tree;pca;105;0.6341463414634146
sets;tree;pca;104;0.7073170731707317
sets;tree;pca;103;0.6829268292682927
sets;tree;pca;102;0.5853658536585366
sets;tree;pca;101;0.6341463414634146
sets;tree;pca;100;0.7317073170731707
sets;tree;pca;99;0.6585365853658537
sets;tree;pca;98;0.6829268292682927
sets;tree;pca;97;0.7073170731707317
sets;tree;pca;96;0.6829268292682927
sets;tree;pca;95;0.7317073170731707
sets;tree;pca;94;0.7073170731707317
sets;tree;pca;93;0.6341463414634146
sets;tree;pca;92;0.7317073170731707
sets;tree;pca;91;0.6585365853658537
sets;tree;pca;90;0.7560975609756098
sets;tree;pca;89;0.6341463414634146
sets;tree;pca;88;0.6829268292682927
sets;tree;pca;87;0.7073170731707317
sets;tree;pca;86;0.7317073170731707
sets;tree;pca;85;0.6585365853658537
sets;tree;pca;84;0.6585365853658537
sets;tree;pca;83;0.6829268292682927
sets;tree;pca;82;0.6341463414634146
sets;tree;pca;81;0.6829268292682927
sets;tree;pca;80;0.6829268292682927
sets;extratree;pca;132;0.36585365853658536
sets;extratree;pca;131;0.1951219512195122
sets;extratree;pca;130;0.34146341463414637
sets;extratree;pca;129;0.2926829268292683
sets;extratree;pca;128;0.24390243902439024
sets;extratree;pca;127;0.21951219512195122
sets;extratree;pca;126;0.21951219512195122
sets;extratree;pca;125;0.2926829268292683
sets;extratree;pca;124;0.2682926829268293
sets;extratree;pca;123;0.17073170731707318
sets;extratree;pca;122;0.36585365853658536
sets;extratree;pca;121;0.3170731707317073
sets;extratree;pca;120;0.21951219512195122
sets;extratree;pca;119;0.21951219512195122
sets;extratree;pca;118;0.24390243902439024
sets;extratree;pca;117;0.21951219512195122
sets;extratree;pca;116;0.2682926829268293
sets;extratree;pca;115;0.34146341463414637
sets;extratree;pca;114;0.1951219512195122
sets;extratree;pca;113;0.3902439024390244
sets;extratree;pca;112;0.3902439024390244
sets;extratree;pca;111;0.2682926829268293
sets;extratree;pca;110;0.1951219512195122
sets;extratree;pca;109;0.3902439024390244
sets;extratree;pca;108;0.2682926829268293
sets;extratree;pca;107;0.24390243902439024
sets;extratree;pca;106;0.34146341463414637
sets;extratree;pca;105;0.2926829268292683
sets;extratree;pca;104;0.3170731707317073
sets;extratree;pca;103;0.12195121951219512
sets;extratree;pca;102;0.1951219512195122
sets;extratree;pca;101;0.2682926829268293
sets;extratree;pca;100;0.4146341463414634
sets;extratree;pca;99;0.14634146341463414
sets;extratree;pca;98;0.3902439024390244
sets;extratree;pca;97;0.2682926829268293
sets;extratree;pca;96;0.2926829268292683
sets;extratree;pca;95;0.4634146341463415
sets;extratree;pca;94;0.34146341463414637
sets;extratree;pca;93;0.36585365853658536
sets;extratree;pca;92;0.21951219512195122
sets;extratree;pca;91;0.36585365853658536
sets;extratree;pca;90;0.2926829268292683
sets;extratree;pca;89;0.34146341463414637
sets;extratree;pca;88;0.4146341463414634
sets;extratree;pca;87;0.2926829268292683
sets;extratree;pca;86;0.2682926829268293
sets;extratree;pca;85;0.2682926829268293
sets;extratree;pca;84;0.2682926829268293
sets;extratree;pca;83;0.2926829268292683
sets;extratree;pca;82;0.3170731707317073
sets;extratree;pca;81;0.21951219512195122
sets;extratree;pca;80;0.4146341463414634
sets;adaboost;pca;132;0.21951219512195122
sets;adaboost;pca;131;0.21951219512195122
sets;adaboost;pca;130;0.21951219512195122
sets;adaboost;pca;129;0.21951219512195122
sets;adaboost;pca;128;0.21951219512195122
sets;adaboost;pca;127;0.21951219512195122
sets;adaboost;pca;126;0.21951219512195122
sets;adaboost;pca;125;0.21951219512195122
sets;adaboost;pca;124;0.21951219512195122
sets;adaboost;pca;123;0.21951219512195122
sets;adaboost;pca;122;0.21951219512195122
sets;adaboost;pca;121;0.21951219512195122
sets;adaboost;pca;120;0.21951219512195122
sets;adaboost;pca;119;0.21951219512195122
sets;adaboost;pca;118;0.21951219512195122
sets;adaboost;pca;117;0.1951219512195122
sets;adaboost;pca;116;0.21951219512195122
sets;adaboost;pca;115;0.21951219512195122
sets;adaboost;pca;114;0.21951219512195122
sets;adaboost;pca;113;0.21951219512195122
sets;adaboost;pca;112;0.21951219512195122
sets;adaboost;pca;111;0.21951219512195122
sets;adaboost;pca;110;0.21951219512195122
sets;adaboost;pca;109;0.21951219512195122
sets;adaboost;pca;108;0.21951219512195122
sets;adaboost;pca;107;0.1951219512195122
sets;adaboost;pca;106;0.21951219512195122
sets;adaboost;pca;105;0.1951219512195122
sets;adaboost;pca;104;0.21951219512195122
sets;adaboost;pca;103;0.21951219512195122
sets;adaboost;pca;102;0.21951219512195122
sets;adaboost;pca;101;0.21951219512195122
sets;adaboost;pca;100;0.21951219512195122
sets;adaboost;pca;99;0.21951219512195122
sets;adaboost;pca;98;0.1951219512195122
sets;adaboost;pca;97;0.21951219512195122
sets;adaboost;pca;96;0.21951219512195122
sets;adaboost;pca;95;0.21951219512195122
sets;adaboost;pca;94;0.21951219512195122
sets;adaboost;pca;93;0.21951219512195122
sets;adaboost;pca;92;0.21951219512195122
sets;adaboost;pca;91;0.21951219512195122
sets;adaboost;pca;90;0.21951219512195122
sets;adaboost;pca;89;0.1951219512195122
sets;adaboost;pca;88;0.21951219512195122
sets;adaboost;pca;87;0.21951219512195122
sets;adaboost;pca;86;0.1951219512195122
sets;adaboost;pca;85;0.21951219512195122
sets;adaboost;pca;84;0.21951219512195122
sets;adaboost;pca;83;0.21951219512195122
sets;adaboost;pca;82;0.21951219512195122
sets;adaboost;pca;81;0.21951219512195122
sets;adaboost;pca;80;0.21951219512195122
sets;bagging;pca;132;0.6585365853658537
sets;bagging;pca;131;0.6829268292682927
sets;bagging;pca;130;0.6341463414634146
sets;bagging;pca;129;0.6829268292682927
sets;bagging;pca;128;0.6585365853658537
sets;bagging;pca;127;0.7317073170731707
sets;bagging;pca;126;0.6097560975609756
sets;bagging;pca;125;0.7073170731707317
sets;bagging;pca;124;0.6585365853658537
sets;bagging;pca;123;0.6341463414634146
sets;bagging;pca;122;0.7073170731707317
sets;bagging;pca;121;0.6585365853658537
sets;bagging;pca;120;0.6829268292682927
sets;bagging;pca;119;0.6829268292682927
sets;bagging;pca;118;0.6585365853658537
sets;bagging;pca;117;0.6585365853658537
sets;bagging;pca;116;0.6585365853658537
sets;bagging;pca;115;0.6585365853658537
sets;bagging;pca;114;0.6341463414634146
sets;bagging;pca;113;0.6585365853658537
sets;bagging;pca;112;0.6829268292682927
sets;bagging;pca;111;0.7073170731707317
sets;bagging;pca;110;0.7317073170731707
sets;bagging;pca;109;0.7073170731707317
sets;bagging;pca;108;0.7073170731707317
sets;bagging;pca;107;0.7317073170731707
sets;bagging;pca;106;0.6341463414634146
sets;bagging;pca;105;0.6341463414634146
sets;bagging;pca;104;0.6829268292682927
sets;bagging;pca;103;0.6829268292682927
sets;bagging;pca;102;0.6341463414634146
sets;bagging;pca;101;0.5609756097560976
sets;bagging;pca;100;0.6341463414634146
sets;bagging;pca;99;0.6341463414634146
sets;bagging;pca;98;0.7073170731707317
sets;bagging;pca;97;0.6097560975609756
sets;bagging;pca;96;0.6341463414634146
sets;bagging;pca;95;0.7317073170731707
sets;bagging;pca;94;0.6585365853658537
sets;bagging;pca;93;0.5609756097560976
sets;bagging;pca;92;0.6097560975609756
sets;bagging;pca;91;0.7073170731707317
sets;bagging;pca;90;0.6097560975609756
sets;bagging;pca;89;0.6097560975609756
sets;bagging;pca;88;0.6829268292682927
sets;bagging;pca;87;0.6341463414634146
sets;bagging;pca;86;0.6829268292682927
sets;bagging;pca;85;0.6585365853658537
sets;bagging;pca;84;0.6585365853658537
sets;bagging;pca;83;0.7073170731707317
sets;bagging;pca;82;0.6585365853658537
sets;bagging;pca;81;0.6097560975609756
sets;bagging;pca;80;0.6341463414634146
sets;extratreeS;pca;132;0.43902439024390244
sets;extratreeS;pca;131;0.5365853658536586
sets;extratreeS;pca;130;0.4634146341463415
sets;extratreeS;pca;129;0.4878048780487805
sets;extratreeS;pca;128;0.43902439024390244
sets;extratreeS;pca;127;0.5609756097560976
sets;extratreeS;pca;126;0.43902439024390244
sets;extratreeS;pca;125;0.4634146341463415
sets;extratreeS;pca;124;0.5853658536585366
sets;extratreeS;pca;123;0.4634146341463415
sets;extratreeS;pca;122;0.43902439024390244
sets;extratreeS;pca;121;0.4634146341463415
sets;extratreeS;pca;120;0.5365853658536586
sets;extratreeS;pca;119;0.5853658536585366
sets;extratreeS;pca;118;0.4146341463414634
sets;extratreeS;pca;117;0.5121951219512195
sets;extratreeS;pca;116;0.5121951219512195
sets;extratreeS;pca;115;0.5853658536585366
sets;extratreeS;pca;114;0.5121951219512195
sets;extratreeS;pca;113;0.5365853658536586
sets;extratreeS;pca;112;0.5121951219512195
sets;extratreeS;pca;111;0.5365853658536586
sets;extratreeS;pca;110;0.4146341463414634
sets;extratreeS;pca;109;0.4146341463414634
sets;extratreeS;pca;108;0.6097560975609756
sets;extratreeS;pca;107;0.4878048780487805
sets;extratreeS;pca;106;0.4634146341463415
sets;extratreeS;pca;105;0.5853658536585366
sets;extratreeS;pca;104;0.5853658536585366
sets;extratreeS;pca;103;0.5853658536585366
sets;extratreeS;pca;102;0.6341463414634146
sets;extratreeS;pca;101;0.6341463414634146
sets;extratreeS;pca;100;0.6341463414634146
sets;extratreeS;pca;99;0.5853658536585366
sets;extratreeS;pca;98;0.5365853658536586
sets;extratreeS;pca;97;0.4878048780487805
sets;extratreeS;pca;96;0.5853658536585366
sets;extratreeS;pca;95;0.4146341463414634
sets;extratreeS;pca;94;0.5609756097560976
sets;extratreeS;pca;93;0.6097560975609756
sets;extratreeS;pca;92;0.4634146341463415
sets;extratreeS;pca;91;0.6585365853658537
sets;extratreeS;pca;90;0.5609756097560976
sets;extratreeS;pca;89;0.4634146341463415
sets;extratreeS;pca;88;0.5609756097560976
sets;extratreeS;pca;87;0.5121951219512195
sets;extratreeS;pca;86;0.6097560975609756
sets;extratreeS;pca;85;0.5609756097560976
sets;extratreeS;pca;84;0.5365853658536586
sets;extratreeS;pca;83;0.6097560975609756
sets;extratreeS;pca;82;0.5853658536585366
sets;extratreeS;pca;81;0.5609756097560976
sets;extratreeS;pca;80;0.5853658536585366
sets;gradientboost;pca;132;0.7317073170731707
sets;gradientboost;pca;131;0.7560975609756098
sets;gradientboost;pca;130;0.7317073170731707
sets;gradientboost;pca;129;0.7073170731707317
sets;gradientboost;pca;128;0.7317073170731707
sets;gradientboost;pca;127;0.7073170731707317
sets;gradientboost;pca;126;0.6829268292682927
sets;gradientboost;pca;125;0.6829268292682927
sets;gradientboost;pca;124;0.7073170731707317
sets;gradientboost;pca;123;0.7073170731707317
sets;gradientboost;pca;122;0.7073170731707317
sets;gradientboost;pca;121;0.7317073170731707
sets;gradientboost;pca;120;0.7317073170731707
sets;gradientboost;pca;119;0.7073170731707317
sets;gradientboost;pca;118;0.7073170731707317
sets;gradientboost;pca;117;0.6829268292682927
sets;gradientboost;pca;116;0.7073170731707317
sets;gradientboost;pca;115;0.7317073170731707
sets;gradientboost;pca;114;0.6829268292682927
sets;gradientboost;pca;113;0.7560975609756098
sets;gradientboost;pca;112;0.7317073170731707
sets;gradientboost;pca;111;0.7560975609756098
sets;gradientboost;pca;110;0.7560975609756098
sets;gradientboost;pca;109;0.7317073170731707
sets;gradientboost;pca;108;0.7317073170731707
sets;gradientboost;pca;107;0.6585365853658537
sets;gradientboost;pca;106;0.7073170731707317
sets;gradientboost;pca;105;0.7317073170731707
sets;gradientboost;pca;104;0.7804878048780488
sets;gradientboost;pca;103;0.6829268292682927
sets;gradientboost;pca;102;0.7560975609756098
sets;gradientboost;pca;101;0.7317073170731707
sets;gradientboost;pca;100;0.7317073170731707
sets;gradientboost;pca;99;0.7073170731707317
sets;gradientboost;pca;98;0.7073170731707317
sets;gradientboost;pca;97;0.6829268292682927
sets;gradientboost;pca;96;0.6585365853658537
sets;gradientboost;pca;95;0.6829268292682927
sets;gradientboost;pca;94;0.6829268292682927
sets;gradientboost;pca;93;0.6585365853658537
sets;gradientboost;pca;92;0.7317073170731707
sets;gradientboost;pca;91;0.7560975609756098
sets;gradientboost;pca;90;0.7317073170731707
sets;gradientboost;pca;89;0.7073170731707317
sets;gradientboost;pca;88;0.7560975609756098
sets;gradientboost;pca;87;0.7073170731707317
sets;gradientboost;pca;86;0.7560975609756098
sets;gradientboost;pca;85;0.7317073170731707
sets;gradientboost;pca;84;0.7560975609756098
sets;gradientboost;pca;83;0.7073170731707317
sets;gradientboost;pca;82;0.7317073170731707
sets;gradientboost;pca;81;0.7560975609756098
sets;gradientboost;pca;80;0.7317073170731707
sets;rndforest;pca;132;0.5121951219512195
sets;rndforest;pca;131;0.6097560975609756
sets;rndforest;pca;130;0.6097560975609756
sets;rndforest;pca;129;0.4878048780487805
sets;rndforest;pca;128;0.5365853658536586
sets;rndforest;pca;127;0.5853658536585366
sets;rndforest;pca;126;0.5853658536585366
sets;rndforest;pca;125;0.43902439024390244
sets;rndforest;pca;124;0.4878048780487805
sets;rndforest;pca;123;0.5853658536585366
sets;rndforest;pca;122;0.5853658536585366
sets;rndforest;pca;121;0.5121951219512195
sets;rndforest;pca;120;0.6097560975609756
sets;rndforest;pca;119;0.5365853658536586
sets;rndforest;pca;118;0.5853658536585366
sets;rndforest;pca;117;0.5853658536585366
sets;rndforest;pca;116;0.5121951219512195
sets;rndforest;pca;115;0.5609756097560976
sets;rndforest;pca;114;0.6097560975609756
sets;rndforest;pca;113;0.6097560975609756
sets;rndforest;pca;112;0.6097560975609756
sets;rndforest;pca;111;0.5853658536585366
sets;rndforest;pca;110;0.5365853658536586
sets;rndforest;pca;109;0.5121951219512195
sets;rndforest;pca;108;0.6585365853658537
sets;rndforest;pca;107;0.5853658536585366
sets;rndforest;pca;106;0.4634146341463415
sets;rndforest;pca;105;0.6097560975609756
sets;rndforest;pca;104;0.6341463414634146
sets;rndforest;pca;103;0.5853658536585366
sets;rndforest;pca;102;0.5121951219512195
sets;rndforest;pca;101;0.5365853658536586
sets;rndforest;pca;100;0.4634146341463415
sets;rndforest;pca;99;0.6097560975609756
sets;rndforest;pca;98;0.5609756097560976
sets;rndforest;pca;97;0.7073170731707317
sets;rndforest;pca;96;0.7317073170731707
sets;rndforest;pca;95;0.5121951219512195
sets;rndforest;pca;94;0.5609756097560976
sets;rndforest;pca;93;0.7560975609756098
sets;rndforest;pca;92;0.7073170731707317
sets;rndforest;pca;91;0.6097560975609756
sets;rndforest;pca;90;0.43902439024390244
sets;rndforest;pca;89;0.7317073170731707
sets;rndforest;pca;88;0.6829268292682927
sets;rndforest;pca;87;0.5853658536585366
sets;rndforest;pca;86;0.6097560975609756
sets;rndforest;pca;85;0.6829268292682927
sets;rndforest;pca;84;0.6097560975609756
sets;rndforest;pca;83;0.6097560975609756
sets;rndforest;pca;82;0.5609756097560976
sets;rndforest;pca;81;0.6097560975609756
sets;rndforest;pca;80;0.5853658536585366
sets;mlp;pca;132;0.8048780487804879
sets;mlp;pca;131;0.8292682926829268
sets;mlp;pca;130;0.7317073170731707
sets;mlp;pca;129;0.7073170731707317
sets;mlp;pca;128;0.8292682926829268
sets;mlp;pca;127;0.7317073170731707
sets;mlp;pca;126;0.7073170731707317
sets;mlp;pca;125;0.7317073170731707
sets;mlp;pca;124;0.7317073170731707
sets;mlp;pca;123;0.7804878048780488
sets;mlp;pca;122;0.7804878048780488
sets;mlp;pca;121;0.7804878048780488
sets;mlp;pca;120;0.8048780487804879
sets;mlp;pca;119;0.7317073170731707
sets;mlp;pca;118;0.7560975609756098
sets;mlp;pca;117;0.7804878048780488
sets;mlp;pca;116;0.8048780487804879
sets;mlp;pca;115;0.7804878048780488
sets;mlp;pca;114;0.7804878048780488
sets;mlp;pca;113;0.8048780487804879
sets;mlp;pca;112;0.7317073170731707
sets;mlp;pca;111;0.7804878048780488
sets;mlp;pca;110;0.7560975609756098
sets;mlp;pca;109;0.8048780487804879
sets;mlp;pca;108;0.6829268292682927
sets;mlp;pca;107;0.7804878048780488
sets;mlp;pca;106;0.8292682926829268
sets;mlp;pca;105;0.6829268292682927
sets;mlp;pca;104;0.7804878048780488
sets;mlp;pca;103;0.7317073170731707
sets;mlp;pca;102;0.7804878048780488
sets;mlp;pca;101;0.7073170731707317
sets;mlp;pca;100;0.7073170731707317
sets;mlp;pca;99;0.8048780487804879
sets;mlp;pca;98;0.7560975609756098
sets;mlp;pca;97;0.7317073170731707
sets;mlp;pca;96;0.7804878048780488
sets;mlp;pca;95;0.7804878048780488
sets;mlp;pca;94;0.7804878048780488
sets;mlp;pca;93;0.7317073170731707
sets;mlp;pca;92;0.7804878048780488
sets;mlp;pca;91;0.7073170731707317
sets;mlp;pca;90;0.7560975609756098
sets;mlp;pca;89;0.7317073170731707
sets;mlp;pca;88;0.8536585365853658
sets;mlp;pca;87;0.6829268292682927
sets;mlp;pca;86;0.7317073170731707
sets;mlp;pca;85;0.8048780487804879
sets;mlp;pca;84;0.7317073170731707
sets;mlp;pca;83;0.7560975609756098
sets;mlp;pca;82;0.7317073170731707
sets;mlp;pca;81;0.7073170731707317
sets;mlp;pca;80;0.7804878048780488
sets_wmedian;logit;rfe;132;0.8048780487804879
sets_wmedian;logit;rfe;131;0.8048780487804879
sets_wmedian;logit;rfe;130;0.8048780487804879
sets_wmedian;logit;rfe;129;0.8048780487804879
sets_wmedian;logit;rfe;128;0.8048780487804879
sets_wmedian;logit;rfe;127;0.8048780487804879
sets_wmedian;logit;rfe;126;0.8048780487804879
sets_wmedian;logit;rfe;125;0.8048780487804879
sets_wmedian;logit;rfe;124;0.8048780487804879
sets_wmedian;logit;rfe;123;0.8048780487804879
sets_wmedian;logit;rfe;122;0.8048780487804879
sets_wmedian;logit;rfe;121;0.8048780487804879
sets_wmedian;logit;rfe;120;0.8048780487804879
sets_wmedian;logit;rfe;119;0.8048780487804879
sets_wmedian;logit;rfe;118;0.8048780487804879
sets_wmedian;logit;rfe;117;0.8048780487804879
sets_wmedian;logit;rfe;116;0.8048780487804879
sets_wmedian;logit;rfe;115;0.8048780487804879
sets_wmedian;logit;rfe;114;0.8048780487804879
sets_wmedian;logit;rfe;113;0.8048780487804879
sets_wmedian;logit;rfe;112;0.8048780487804879
sets_wmedian;logit;rfe;111;0.8048780487804879
sets_wmedian;logit;rfe;110;0.8048780487804879
sets_wmedian;logit;rfe;109;0.8048780487804879
sets_wmedian;logit;rfe;108;0.8048780487804879
sets_wmedian;logit;rfe;107;0.8048780487804879
sets_wmedian;logit;rfe;106;0.8048780487804879
sets_wmedian;logit;rfe;105;0.8048780487804879
sets_wmedian;logit;rfe;104;0.8048780487804879
sets_wmedian;logit;rfe;103;0.8048780487804879
sets_wmedian;logit;rfe;102;0.8048780487804879
sets_wmedian;logit;rfe;101;0.8292682926829268
sets_wmedian;logit;rfe;100;0.8292682926829268
sets_wmedian;logit;rfe;99;0.8292682926829268
sets_wmedian;logit;rfe;98;0.8292682926829268
sets_wmedian;logit;rfe;97;0.8292682926829268
sets_wmedian;logit;rfe;96;0.8292682926829268
sets_wmedian;logit;rfe;95;0.8292682926829268
sets_wmedian;logit;rfe;94;0.8292682926829268
sets_wmedian;logit;rfe;93;0.8292682926829268
sets_wmedian;logit;rfe;92;0.8048780487804879
sets_wmedian;logit;rfe;91;0.8292682926829268
sets_wmedian;logit;rfe;90;0.8292682926829268
sets_wmedian;logit;rfe;89;0.8292682926829268
sets_wmedian;logit;rfe;88;0.8292682926829268
sets_wmedian;logit;rfe;87;0.8292682926829268
sets_wmedian;logit;rfe;86;0.8292682926829268
sets_wmedian;logit;rfe;85;0.8292682926829268
sets_wmedian;logit;rfe;84;0.8292682926829268
sets_wmedian;logit;rfe;83;0.8292682926829268
sets_wmedian;logit;rfe;82;0.8292682926829268
sets_wmedian;logit;rfe;81;0.8292682926829268
sets_wmedian;logit;rfe;80;0.8292682926829268
sets_wmedian;nb;rfe;132;0.9024390243902439
sets_wmedian;svm;rfe;132;0.926829268292683
sets_wmedian;svm;rfe;131;0.926829268292683
sets_wmedian;svm;rfe;130;0.926829268292683
sets_wmedian;svm;rfe;129;0.926829268292683
sets_wmedian;svm;rfe;128;0.926829268292683
sets_wmedian;svm;rfe;127;0.926829268292683
sets_wmedian;svm;rfe;126;0.926829268292683
sets_wmedian;svm;rfe;125;0.926829268292683
sets_wmedian;svm;rfe;124;0.926829268292683
sets_wmedian;svm;rfe;123;0.926829268292683
sets_wmedian;svm;rfe;122;0.926829268292683
sets_wmedian;svm;rfe;121;0.926829268292683
sets_wmedian;svm;rfe;120;0.926829268292683
sets_wmedian;svm;rfe;119;0.926829268292683
sets_wmedian;svm;rfe;118;0.926829268292683
sets_wmedian;svm;rfe;117;0.926829268292683
sets_wmedian;svm;rfe;116;0.926829268292683
sets_wmedian;svm;rfe;115;0.926829268292683
sets_wmedian;svm;rfe;114;0.926829268292683
sets_wmedian;svm;rfe;113;0.926829268292683
sets_wmedian;svm;rfe;112;0.926829268292683
sets_wmedian;svm;rfe;111;0.926829268292683
sets_wmedian;svm;rfe;110;0.926829268292683
sets_wmedian;svm;rfe;109;0.926829268292683
sets_wmedian;svm;rfe;108;0.926829268292683
sets_wmedian;svm;rfe;107;0.926829268292683
sets_wmedian;svm;rfe;106;0.926829268292683
sets_wmedian;svm;rfe;105;0.926829268292683
sets_wmedian;svm;rfe;104;0.926829268292683
sets_wmedian;svm;rfe;103;0.926829268292683
sets_wmedian;svm;rfe;102;0.926829268292683
sets_wmedian;svm;rfe;101;0.926829268292683
sets_wmedian;svm;rfe;100;0.926829268292683
sets_wmedian;svm;rfe;99;0.926829268292683
sets_wmedian;svm;rfe;98;0.926829268292683
sets_wmedian;svm;rfe;97;0.926829268292683
sets_wmedian;svm;rfe;96;0.926829268292683
sets_wmedian;svm;rfe;95;0.926829268292683
sets_wmedian;svm;rfe;94;0.926829268292683
sets_wmedian;svm;rfe;93;0.926829268292683
sets_wmedian;svm;rfe;92;0.926829268292683
sets_wmedian;svm;rfe;91;0.926829268292683
sets_wmedian;svm;rfe;90;0.926829268292683
sets_wmedian;svm;rfe;89;0.926829268292683
sets_wmedian;svm;rfe;88;0.926829268292683
sets_wmedian;svm;rfe;87;0.926829268292683
sets_wmedian;svm;rfe;86;0.926829268292683
sets_wmedian;svm;rfe;85;0.926829268292683
sets_wmedian;svm;rfe;84;0.926829268292683
sets_wmedian;svm;rfe;83;0.926829268292683
sets_wmedian;svm;rfe;82;0.926829268292683
sets_wmedian;svm;rfe;81;0.926829268292683
sets_wmedian;svm;rfe;80;0.926829268292683
sets_wmedian;knn;rfe;132;0.7317073170731707
sets_wmedian;ncentroids;rfe;132;0.43902439024390244
sets_wmedian;tree;rfe;132;0.926829268292683
sets_wmedian;tree;rfe;131;0.926829268292683
sets_wmedian;tree;rfe;130;0.926829268292683
sets_wmedian;tree;rfe;129;0.926829268292683
sets_wmedian;tree;rfe;128;0.926829268292683
sets_wmedian;tree;rfe;127;0.9024390243902439
sets_wmedian;tree;rfe;126;0.926829268292683
sets_wmedian;tree;rfe;125;0.9024390243902439
sets_wmedian;tree;rfe;124;0.926829268292683
sets_wmedian;tree;rfe;123;0.926829268292683
sets_wmedian;tree;rfe;122;0.9024390243902439
sets_wmedian;tree;rfe;121;0.926829268292683
sets_wmedian;tree;rfe;120;0.926829268292683
sets_wmedian;tree;rfe;119;0.926829268292683
sets_wmedian;tree;rfe;118;0.926829268292683
sets_wmedian;tree;rfe;117;0.926829268292683
sets_wmedian;tree;rfe;116;0.926829268292683
sets_wmedian;tree;rfe;115;0.926829268292683
sets_wmedian;tree;rfe;114;0.926829268292683
sets_wmedian;tree;rfe;113;0.926829268292683
sets_wmedian;tree;rfe;112;0.926829268292683
sets_wmedian;tree;rfe;111;0.9024390243902439
sets_wmedian;tree;rfe;110;0.926829268292683
sets_wmedian;tree;rfe;109;0.926829268292683
sets_wmedian;tree;rfe;108;0.926829268292683
sets_wmedian;tree;rfe;107;0.926829268292683
sets_wmedian;tree;rfe;106;0.926829268292683
sets_wmedian;tree;rfe;105;0.926829268292683
sets_wmedian;tree;rfe;104;0.926829268292683
sets_wmedian;tree;rfe;103;0.926829268292683
sets_wmedian;tree;rfe;102;0.926829268292683
sets_wmedian;tree;rfe;101;0.926829268292683
sets_wmedian;tree;rfe;100;0.926829268292683
sets_wmedian;tree;rfe;99;0.926829268292683
sets_wmedian;tree;rfe;98;0.926829268292683
sets_wmedian;tree;rfe;97;0.926829268292683
sets_wmedian;tree;rfe;96;0.926829268292683
sets_wmedian;tree;rfe;95;0.926829268292683
sets_wmedian;tree;rfe;94;0.926829268292683
sets_wmedian;tree;rfe;93;0.926829268292683
sets_wmedian;tree;rfe;92;0.926829268292683
sets_wmedian;tree;rfe;91;0.926829268292683
sets_wmedian;tree;rfe;90;0.9024390243902439
sets_wmedian;tree;rfe;89;0.926829268292683
sets_wmedian;tree;rfe;88;0.926829268292683
sets_wmedian;tree;rfe;87;0.926829268292683
sets_wmedian;tree;rfe;86;0.926829268292683
sets_wmedian;tree;rfe;85;0.926829268292683
sets_wmedian;tree;rfe;84;0.926829268292683
sets_wmedian;tree;rfe;83;0.9024390243902439
sets_wmedian;tree;rfe;82;0.926829268292683
sets_wmedian;tree;rfe;81;0.926829268292683
sets_wmedian;tree;rfe;80;0.926829268292683
sets_wmedian;extratree;rfe;132;0.8048780487804879
sets_wmedian;extratree;rfe;131;0.6585365853658537
sets_wmedian;extratree;rfe;130;0.6585365853658537
sets_wmedian;extratree;rfe;129;0.7317073170731707
sets_wmedian;extratree;rfe;128;0.6829268292682927
sets_wmedian;extratree;rfe;127;0.7560975609756098
sets_wmedian;extratree;rfe;126;0.8536585365853658
sets_wmedian;extratree;rfe;125;0.7560975609756098
sets_wmedian;extratree;rfe;124;0.6829268292682927
sets_wmedian;extratree;rfe;123;0.7317073170731707
sets_wmedian;extratree;rfe;122;0.8292682926829268
sets_wmedian;extratree;rfe;121;0.7317073170731707
sets_wmedian;extratree;rfe;120;0.7804878048780488
sets_wmedian;extratree;rfe;119;0.7804878048780488
sets_wmedian;extratree;rfe;118;0.8536585365853658
sets_wmedian;extratree;rfe;117;0.6829268292682927
sets_wmedian;extratree;rfe;116;0.6341463414634146
sets_wmedian;extratree;rfe;115;0.8048780487804879
sets_wmedian;extratree;rfe;114;0.7317073170731707
sets_wmedian;extratree;rfe;113;0.8292682926829268
sets_wmedian;extratree;rfe;112;0.7317073170731707
sets_wmedian;extratree;rfe;111;0.7560975609756098
sets_wmedian;extratree;rfe;110;0.7073170731707317
sets_wmedian;extratree;rfe;109;0.6585365853658537
sets_wmedian;extratree;rfe;108;0.5853658536585366
sets_wmedian;extratree;rfe;107;0.7073170731707317
sets_wmedian;extratree;rfe;106;0.7560975609756098
sets_wmedian;extratree;rfe;105;0.6097560975609756
sets_wmedian;extratree;rfe;104;0.7560975609756098
sets_wmedian;extratree;rfe;103;0.7073170731707317
sets_wmedian;extratree;rfe;102;0.7073170731707317
sets_wmedian;extratree;rfe;101;0.6829268292682927
sets_wmedian;extratree;rfe;100;0.926829268292683
sets_wmedian;extratree;rfe;99;0.8780487804878049
sets_wmedian;extratree;rfe;98;0.6341463414634146
sets_wmedian;extratree;rfe;97;0.7560975609756098
sets_wmedian;extratree;rfe;96;0.7317073170731707
sets_wmedian;extratree;rfe;95;0.7073170731707317
sets_wmedian;extratree;rfe;94;0.7317073170731707
sets_wmedian;extratree;rfe;93;0.7560975609756098
sets_wmedian;extratree;rfe;92;0.6829268292682927
sets_wmedian;extratree;rfe;91;0.7560975609756098
sets_wmedian;extratree;rfe;90;0.6829268292682927
sets_wmedian;extratree;rfe;89;0.8048780487804879
sets_wmedian;extratree;rfe;88;0.7317073170731707
sets_wmedian;extratree;rfe;87;0.7073170731707317
sets_wmedian;extratree;rfe;86;0.7804878048780488
sets_wmedian;extratree;rfe;85;0.5853658536585366
sets_wmedian;extratree;rfe;84;0.7073170731707317
sets_wmedian;extratree;rfe;83;0.7317073170731707
sets_wmedian;extratree;rfe;82;0.7073170731707317
sets_wmedian;extratree;rfe;81;0.7560975609756098
sets_wmedian;extratree;rfe;80;0.7073170731707317
sets_wmedian;adaboost;rfe;132;0.36585365853658536
sets_wmedian;adaboost;rfe;131;0.36585365853658536
sets_wmedian;adaboost;rfe;130;0.36585365853658536
sets_wmedian;adaboost;rfe;129;0.36585365853658536
sets_wmedian;adaboost;rfe;128;0.36585365853658536
sets_wmedian;adaboost;rfe;127;0.36585365853658536
sets_wmedian;adaboost;rfe;126;0.36585365853658536
sets_wmedian;adaboost;rfe;125;0.36585365853658536
sets_wmedian;adaboost;rfe;124;0.36585365853658536
sets_wmedian;adaboost;rfe;123;0.36585365853658536
sets_wmedian;adaboost;rfe;122;0.36585365853658536
sets_wmedian;adaboost;rfe;121;0.36585365853658536
sets_wmedian;adaboost;rfe;120;0.36585365853658536
sets_wmedian;adaboost;rfe;119;0.36585365853658536
sets_wmedian;adaboost;rfe;118;0.36585365853658536
sets_wmedian;adaboost;rfe;117;0.36585365853658536
sets_wmedian;adaboost;rfe;116;0.36585365853658536
sets_wmedian;adaboost;rfe;115;0.36585365853658536
sets_wmedian;adaboost;rfe;114;0.36585365853658536
sets_wmedian;adaboost;rfe;113;0.36585365853658536
sets_wmedian;adaboost;rfe;112;0.36585365853658536
sets_wmedian;adaboost;rfe;111;0.36585365853658536
sets_wmedian;adaboost;rfe;110;0.36585365853658536
sets_wmedian;adaboost;rfe;109;0.36585365853658536
sets_wmedian;adaboost;rfe;108;0.36585365853658536
sets_wmedian;adaboost;rfe;107;0.36585365853658536
sets_wmedian;adaboost;rfe;106;0.36585365853658536
sets_wmedian;adaboost;rfe;105;0.36585365853658536
sets_wmedian;adaboost;rfe;104;0.36585365853658536
sets_wmedian;adaboost;rfe;103;0.36585365853658536
sets_wmedian;adaboost;rfe;102;0.36585365853658536
sets_wmedian;adaboost;rfe;101;0.36585365853658536
sets_wmedian;adaboost;rfe;100;0.36585365853658536
sets_wmedian;adaboost;rfe;99;0.36585365853658536
sets_wmedian;adaboost;rfe;98;0.36585365853658536
sets_wmedian;adaboost;rfe;97;0.36585365853658536
sets_wmedian;adaboost;rfe;96;0.36585365853658536
sets_wmedian;adaboost;rfe;95;0.36585365853658536
sets_wmedian;adaboost;rfe;94;0.36585365853658536
sets_wmedian;adaboost;rfe;93;0.36585365853658536
sets_wmedian;adaboost;rfe;92;0.36585365853658536
sets_wmedian;adaboost;rfe;91;0.36585365853658536
sets_wmedian;adaboost;rfe;90;0.36585365853658536
sets_wmedian;adaboost;rfe;89;0.36585365853658536
sets_wmedian;adaboost;rfe;88;0.36585365853658536
sets_wmedian;adaboost;rfe;87;0.36585365853658536
sets_wmedian;adaboost;rfe;86;0.36585365853658536
sets_wmedian;adaboost;rfe;85;0.36585365853658536
sets_wmedian;adaboost;rfe;84;0.36585365853658536
sets_wmedian;adaboost;rfe;83;0.36585365853658536
sets_wmedian;adaboost;rfe;82;0.36585365853658536
sets_wmedian;adaboost;rfe;81;0.36585365853658536
sets_wmedian;adaboost;rfe;80;0.36585365853658536
sets_wmedian;bagging;rfe;132;0.926829268292683
sets_wmedian;extratreeS;rfe;132;0.926829268292683
sets_wmedian;extratreeS;rfe;131;0.9024390243902439
sets_wmedian;extratreeS;rfe;130;0.8536585365853658
sets_wmedian;extratreeS;rfe;129;0.9024390243902439
sets_wmedian;extratreeS;rfe;128;0.8780487804878049
sets_wmedian;extratreeS;rfe;127;0.9024390243902439
sets_wmedian;extratreeS;rfe;126;0.926829268292683
sets_wmedian;extratreeS;rfe;125;0.8536585365853658
sets_wmedian;extratreeS;rfe;124;0.926829268292683
sets_wmedian;extratreeS;rfe;123;0.926829268292683
sets_wmedian;extratreeS;rfe;122;0.8780487804878049
sets_wmedian;extratreeS;rfe;121;0.9024390243902439
sets_wmedian;extratreeS;rfe;120;0.975609756097561
sets_wmedian;extratreeS;rfe;119;0.9024390243902439
sets_wmedian;extratreeS;rfe;118;0.9024390243902439
sets_wmedian;extratreeS;rfe;117;0.8780487804878049
sets_wmedian;extratreeS;rfe;116;0.8780487804878049
sets_wmedian;extratreeS;rfe;115;0.9024390243902439
sets_wmedian;extratreeS;rfe;114;0.8780487804878049
sets_wmedian;extratreeS;rfe;113;0.926829268292683
sets_wmedian;extratreeS;rfe;112;0.926829268292683
sets_wmedian;extratreeS;rfe;111;0.8536585365853658
sets_wmedian;extratreeS;rfe;110;0.8292682926829268
sets_wmedian;extratreeS;rfe;109;0.9512195121951219
sets_wmedian;extratreeS;rfe;108;0.9024390243902439
sets_wmedian;extratreeS;rfe;107;0.926829268292683
sets_wmedian;extratreeS;rfe;106;0.9512195121951219
sets_wmedian;extratreeS;rfe;105;0.8780487804878049
sets_wmedian;extratreeS;rfe;104;0.926829268292683
sets_wmedian;extratreeS;rfe;103;0.8780487804878049
sets_wmedian;extratreeS;rfe;102;0.9024390243902439
sets_wmedian;extratreeS;rfe;101;0.9024390243902439
sets_wmedian;extratreeS;rfe;100;0.9024390243902439
sets_wmedian;extratreeS;rfe;99;0.926829268292683
sets_wmedian;extratreeS;rfe;98;0.9512195121951219
sets_wmedian;extratreeS;rfe;97;0.8536585365853658
sets_wmedian;extratreeS;rfe;96;0.8780487804878049
sets_wmedian;extratreeS;rfe;95;0.9512195121951219
sets_wmedian;extratreeS;rfe;94;0.8780487804878049
sets_wmedian;extratreeS;rfe;93;0.9512195121951219
sets_wmedian;extratreeS;rfe;92;0.9024390243902439
sets_wmedian;extratreeS;rfe;91;0.8536585365853658
sets_wmedian;extratreeS;rfe;90;0.9512195121951219
sets_wmedian;extratreeS;rfe;89;0.9024390243902439
sets_wmedian;extratreeS;rfe;88;0.9512195121951219
sets_wmedian;extratreeS;rfe;87;0.8780487804878049
sets_wmedian;extratreeS;rfe;86;0.926829268292683
sets_wmedian;extratreeS;rfe;85;0.9512195121951219
sets_wmedian;extratreeS;rfe;84;0.8536585365853658
sets_wmedian;extratreeS;rfe;83;0.9512195121951219
sets_wmedian;extratreeS;rfe;82;0.8780487804878049
sets_wmedian;extratreeS;rfe;81;0.8780487804878049
sets_wmedian;extratreeS;rfe;80;0.926829268292683
sets_wmedian;gradientboost;rfe;132;0.9024390243902439
sets_wmedian;gradientboost;rfe;131;0.8780487804878049
sets_wmedian;gradientboost;rfe;130;0.8780487804878049
sets_wmedian;gradientboost;rfe;129;0.8780487804878049
sets_wmedian;gradientboost;rfe;128;0.9024390243902439
sets_wmedian;gradientboost;rfe;127;0.8780487804878049
sets_wmedian;gradientboost;rfe;126;0.8780487804878049
sets_wmedian;gradientboost;rfe;125;0.8780487804878049
sets_wmedian;gradientboost;rfe;124;0.9024390243902439
sets_wmedian;gradientboost;rfe;123;0.9024390243902439
sets_wmedian;gradientboost;rfe;122;0.8780487804878049
sets_wmedian;gradientboost;rfe;121;0.8780487804878049
sets_wmedian;gradientboost;rfe;120;0.9024390243902439
sets_wmedian;gradientboost;rfe;119;0.9024390243902439
sets_wmedian;gradientboost;rfe;118;0.8780487804878049
sets_wmedian;gradientboost;rfe;117;0.8780487804878049
sets_wmedian;gradientboost;rfe;116;0.8780487804878049
sets_wmedian;gradientboost;rfe;115;0.8780487804878049
sets_wmedian;gradientboost;rfe;114;0.8780487804878049
sets_wmedian;gradientboost;rfe;113;0.8780487804878049
sets_wmedian;gradientboost;rfe;112;0.8780487804878049
sets_wmedian;gradientboost;rfe;111;0.8780487804878049
sets_wmedian;gradientboost;rfe;110;0.8780487804878049
sets_wmedian;gradientboost;rfe;109;0.8780487804878049
sets_wmedian;gradientboost;rfe;108;0.8780487804878049
sets_wmedian;gradientboost;rfe;107;0.8780487804878049
sets_wmedian;gradientboost;rfe;106;0.8780487804878049
sets_wmedian;gradientboost;rfe;105;0.8780487804878049
sets_wmedian;gradientboost;rfe;104;0.8780487804878049
sets_wmedian;gradientboost;rfe;103;0.8780487804878049
sets_wmedian;gradientboost;rfe;102;0.8780487804878049
sets_wmedian;gradientboost;rfe;101;0.8780487804878049
sets_wmedian;gradientboost;rfe;100;0.8780487804878049
sets_wmedian;gradientboost;rfe;99;0.8780487804878049
sets_wmedian;gradientboost;rfe;98;0.8780487804878049
sets_wmedian;gradientboost;rfe;97;0.8780487804878049
sets_wmedian;gradientboost;rfe;96;0.9024390243902439
sets_wmedian;gradientboost;rfe;95;0.9024390243902439
sets_wmedian;gradientboost;rfe;94;0.9024390243902439
sets_wmedian;gradientboost;rfe;93;0.9024390243902439
sets_wmedian;gradientboost;rfe;92;0.8780487804878049
sets_wmedian;gradientboost;rfe;91;0.9024390243902439
sets_wmedian;gradientboost;rfe;90;0.9024390243902439
sets_wmedian;gradientboost;rfe;89;0.8780487804878049
sets_wmedian;gradientboost;rfe;88;0.9024390243902439
sets_wmedian;gradientboost;rfe;87;0.9024390243902439
sets_wmedian;gradientboost;rfe;86;0.9024390243902439
sets_wmedian;gradientboost;rfe;85;0.8780487804878049
sets_wmedian;gradientboost;rfe;84;0.9024390243902439
sets_wmedian;gradientboost;rfe;83;0.9024390243902439
sets_wmedian;gradientboost;rfe;82;0.9024390243902439
sets_wmedian;gradientboost;rfe;81;0.8780487804878049
sets_wmedian;gradientboost;rfe;80;0.8780487804878049
sets_wmedian;rndforest;rfe;132;0.926829268292683
sets_wmedian;rndforest;rfe;131;0.926829268292683
sets_wmedian;rndforest;rfe;130;0.8536585365853658
sets_wmedian;rndforest;rfe;129;0.8780487804878049
sets_wmedian;rndforest;rfe;128;0.8780487804878049
sets_wmedian;rndforest;rfe;127;0.926829268292683
sets_wmedian;rndforest;rfe;126;0.926829268292683
sets_wmedian;rndforest;rfe;125;0.926829268292683
sets_wmedian;rndforest;rfe;124;0.8780487804878049
sets_wmedian;rndforest;rfe;123;0.9024390243902439
sets_wmedian;rndforest;rfe;122;0.9024390243902439
sets_wmedian;rndforest;rfe;121;0.9024390243902439
sets_wmedian;rndforest;rfe;120;0.975609756097561
sets_wmedian;rndforest;rfe;119;0.9024390243902439
sets_wmedian;rndforest;rfe;118;0.8536585365853658
sets_wmedian;rndforest;rfe;117;0.9512195121951219
sets_wmedian;rndforest;rfe;116;0.926829268292683
sets_wmedian;rndforest;rfe;115;0.8536585365853658
sets_wmedian;rndforest;rfe;114;0.9024390243902439
sets_wmedian;rndforest;rfe;113;0.926829268292683
sets_wmedian;rndforest;rfe;112;0.8780487804878049
sets_wmedian;rndforest;rfe;111;0.926829268292683
sets_wmedian;rndforest;rfe;110;0.9024390243902439
sets_wmedian;rndforest;rfe;109;0.9024390243902439
sets_wmedian;rndforest;rfe;108;0.926829268292683
sets_wmedian;rndforest;rfe;107;0.9024390243902439
sets_wmedian;rndforest;rfe;106;0.9512195121951219
sets_wmedian;rndforest;rfe;105;0.8780487804878049
sets_wmedian;rndforest;rfe;104;0.9024390243902439
sets_wmedian;rndforest;rfe;103;0.9024390243902439
sets_wmedian;rndforest;rfe;102;0.8780487804878049
sets_wmedian;rndforest;rfe;101;0.8536585365853658
sets_wmedian;rndforest;rfe;100;0.9024390243902439
sets_wmedian;rndforest;rfe;99;0.8780487804878049
sets_wmedian;rndforest;rfe;98;0.9024390243902439
sets_wmedian;rndforest;rfe;97;0.926829268292683
sets_wmedian;rndforest;rfe;96;0.9024390243902439
sets_wmedian;rndforest;rfe;95;0.926829268292683
sets_wmedian;rndforest;rfe;94;0.9024390243902439
sets_wmedian;rndforest;rfe;93;0.8292682926829268
sets_wmedian;rndforest;rfe;92;0.8780487804878049
sets_wmedian;rndforest;rfe;91;0.8780487804878049
sets_wmedian;rndforest;rfe;90;0.9024390243902439
sets_wmedian;rndforest;rfe;89;0.9024390243902439
sets_wmedian;rndforest;rfe;88;0.9024390243902439
sets_wmedian;rndforest;rfe;87;0.926829268292683
sets_wmedian;rndforest;rfe;86;0.9024390243902439
sets_wmedian;rndforest;rfe;85;0.926829268292683
sets_wmedian;rndforest;rfe;84;0.926829268292683
sets_wmedian;rndforest;rfe;83;0.9024390243902439
sets_wmedian;rndforest;rfe;82;0.926829268292683
sets_wmedian;rndforest;rfe;81;0.8536585365853658
sets_wmedian;rndforest;rfe;80;0.8780487804878049
sets_wmedian;mlp;rfe;132;0.7317073170731707
sets_wmedian;logit;pca;132;0.8048780487804879
sets_wmedian;logit;pca;131;0.8048780487804879
sets_wmedian;logit;pca;130;0.8048780487804879
sets_wmedian;logit;pca;129;0.8048780487804879
sets_wmedian;logit;pca;128;0.8048780487804879
sets_wmedian;logit;pca;127;0.8048780487804879
sets_wmedian;logit;pca;126;0.8048780487804879
sets_wmedian;logit;pca;125;0.8048780487804879
sets_wmedian;logit;pca;124;0.8048780487804879
sets_wmedian;logit;pca;123;0.8048780487804879
sets_wmedian;logit;pca;122;0.8048780487804879
sets_wmedian;logit;pca;121;0.8048780487804879
sets_wmedian;logit;pca;120;0.8048780487804879
sets_wmedian;logit;pca;119;0.8048780487804879
sets_wmedian;logit;pca;118;0.8048780487804879
sets_wmedian;logit;pca;117;0.8048780487804879
sets_wmedian;logit;pca;116;0.8048780487804879
sets_wmedian;logit;pca;115;0.8048780487804879
sets_wmedian;logit;pca;114;0.8048780487804879
sets_wmedian;logit;pca;113;0.8048780487804879
sets_wmedian;logit;pca;112;0.8048780487804879
sets_wmedian;logit;pca;111;0.8048780487804879
sets_wmedian;logit;pca;110;0.8048780487804879
sets_wmedian;logit;pca;109;0.8048780487804879
sets_wmedian;logit;pca;108;0.8048780487804879
sets_wmedian;logit;pca;107;0.8048780487804879
sets_wmedian;logit;pca;106;0.8048780487804879
sets_wmedian;logit;pca;105;0.8048780487804879
sets_wmedian;logit;pca;104;0.8048780487804879
sets_wmedian;logit;pca;103;0.8048780487804879
sets_wmedian;logit;pca;102;0.8048780487804879
sets_wmedian;logit;pca;101;0.8048780487804879
sets_wmedian;logit;pca;100;0.8048780487804879
sets_wmedian;logit;pca;99;0.8048780487804879
sets_wmedian;logit;pca;98;0.8048780487804879
sets_wmedian;logit;pca;97;0.8048780487804879
sets_wmedian;logit;pca;96;0.8048780487804879
sets_wmedian;logit;pca;95;0.8048780487804879
sets_wmedian;logit;pca;94;0.8048780487804879
sets_wmedian;logit;pca;93;0.8048780487804879
sets_wmedian;logit;pca;92;0.8048780487804879
sets_wmedian;logit;pca;91;0.8048780487804879
sets_wmedian;logit;pca;90;0.8048780487804879
sets_wmedian;logit;pca;89;0.8048780487804879
sets_wmedian;logit;pca;88;0.8048780487804879
sets_wmedian;logit;pca;87;0.8048780487804879
sets_wmedian;logit;pca;86;0.8048780487804879
sets_wmedian;logit;pca;85;0.8048780487804879
sets_wmedian;logit;pca;84;0.8048780487804879
sets_wmedian;logit;pca;83;0.8048780487804879
sets_wmedian;logit;pca;82;0.8048780487804879
sets_wmedian;logit;pca;81;0.8048780487804879
sets_wmedian;logit;pca;80;0.8048780487804879
sets_wmedian;nb;pca;132;0.5121951219512195
sets_wmedian;nb;pca;131;0.5121951219512195
sets_wmedian;nb;pca;130;0.5121951219512195
sets_wmedian;nb;pca;129;0.5121951219512195
sets_wmedian;nb;pca;128;0.5121951219512195
sets_wmedian;nb;pca;127;0.5121951219512195
sets_wmedian;nb;pca;126;0.5121951219512195
sets_wmedian;nb;pca;125;0.5121951219512195
sets_wmedian;nb;pca;124;0.5121951219512195
sets_wmedian;nb;pca;123;0.5121951219512195
sets_wmedian;nb;pca;122;0.5121951219512195
sets_wmedian;nb;pca;121;0.5121951219512195
sets_wmedian;nb;pca;120;0.5121951219512195
sets_wmedian;nb;pca;119;0.5121951219512195
sets_wmedian;nb;pca;118;0.5121951219512195
sets_wmedian;nb;pca;117;0.5121951219512195
sets_wmedian;nb;pca;116;0.5121951219512195
sets_wmedian;nb;pca;115;0.5121951219512195
sets_wmedian;nb;pca;114;0.5121951219512195
sets_wmedian;nb;pca;113;0.5121951219512195
sets_wmedian;nb;pca;112;0.5121951219512195
sets_wmedian;nb;pca;111;0.5121951219512195
sets_wmedian;nb;pca;110;0.5121951219512195
sets_wmedian;nb;pca;109;0.5121951219512195
sets_wmedian;nb;pca;108;0.5121951219512195
sets_wmedian;nb;pca;107;0.5121951219512195
sets_wmedian;nb;pca;106;0.5121951219512195
sets_wmedian;nb;pca;105;0.5121951219512195
sets_wmedian;nb;pca;104;0.5121951219512195
sets_wmedian;nb;pca;103;0.5121951219512195
sets_wmedian;nb;pca;102;0.5121951219512195
sets_wmedian;nb;pca;101;0.5121951219512195
sets_wmedian;nb;pca;100;0.5121951219512195
sets_wmedian;nb;pca;99;0.5121951219512195
sets_wmedian;nb;pca;98;0.5121951219512195
sets_wmedian;nb;pca;97;0.5121951219512195
sets_wmedian;nb;pca;96;0.5121951219512195
sets_wmedian;nb;pca;95;0.5121951219512195
sets_wmedian;nb;pca;94;0.5121951219512195
sets_wmedian;nb;pca;93;0.5121951219512195
sets_wmedian;nb;pca;92;0.5121951219512195
sets_wmedian;nb;pca;91;0.5121951219512195
sets_wmedian;nb;pca;90;0.5121951219512195
sets_wmedian;nb;pca;89;0.5121951219512195
sets_wmedian;nb;pca;88;0.5121951219512195
sets_wmedian;nb;pca;87;0.5121951219512195
sets_wmedian;nb;pca;86;0.5121951219512195
sets_wmedian;nb;pca;85;0.5121951219512195
sets_wmedian;nb;pca;84;0.5121951219512195
sets_wmedian;nb;pca;83;0.5121951219512195
sets_wmedian;nb;pca;82;0.4878048780487805
sets_wmedian;nb;pca;81;0.4878048780487805
sets_wmedian;nb;pca;80;0.5121951219512195
sets_wmedian;svm;pca;132;0.926829268292683
sets_wmedian;svm;pca;131;0.926829268292683
sets_wmedian;svm;pca;130;0.926829268292683
sets_wmedian;svm;pca;129;0.926829268292683
sets_wmedian;svm;pca;128;0.926829268292683
sets_wmedian;svm;pca;127;0.926829268292683
sets_wmedian;svm;pca;126;0.926829268292683
sets_wmedian;svm;pca;125;0.926829268292683
sets_wmedian;svm;pca;124;0.926829268292683
sets_wmedian;svm;pca;123;0.926829268292683
sets_wmedian;svm;pca;122;0.926829268292683
sets_wmedian;svm;pca;121;0.926829268292683
sets_wmedian;svm;pca;120;0.926829268292683
sets_wmedian;svm;pca;119;0.926829268292683
sets_wmedian;svm;pca;118;0.926829268292683
sets_wmedian;svm;pca;117;0.926829268292683
sets_wmedian;svm;pca;116;0.926829268292683
sets_wmedian;svm;pca;115;0.926829268292683
sets_wmedian;svm;pca;114;0.926829268292683
sets_wmedian;svm;pca;113;0.926829268292683
sets_wmedian;svm;pca;112;0.926829268292683
sets_wmedian;svm;pca;111;0.926829268292683
sets_wmedian;svm;pca;110;0.926829268292683
sets_wmedian;svm;pca;109;0.926829268292683
sets_wmedian;svm;pca;108;0.926829268292683
sets_wmedian;svm;pca;107;0.926829268292683
sets_wmedian;svm;pca;106;0.926829268292683
sets_wmedian;svm;pca;105;0.926829268292683
sets_wmedian;svm;pca;104;0.926829268292683
sets_wmedian;svm;pca;103;0.926829268292683
sets_wmedian;svm;pca;102;0.926829268292683
sets_wmedian;svm;pca;101;0.926829268292683
sets_wmedian;svm;pca;100;0.926829268292683
sets_wmedian;svm;pca;99;0.926829268292683
sets_wmedian;svm;pca;98;0.926829268292683
sets_wmedian;svm;pca;97;0.926829268292683
sets_wmedian;svm;pca;96;0.926829268292683
sets_wmedian;svm;pca;95;0.926829268292683
sets_wmedian;svm;pca;94;0.926829268292683
sets_wmedian;svm;pca;93;0.926829268292683
sets_wmedian;svm;pca;92;0.926829268292683
sets_wmedian;svm;pca;91;0.926829268292683
sets_wmedian;svm;pca;90;0.926829268292683
sets_wmedian;svm;pca;89;0.926829268292683
sets_wmedian;svm;pca;88;0.926829268292683
sets_wmedian;svm;pca;87;0.926829268292683
sets_wmedian;svm;pca;86;0.926829268292683
sets_wmedian;svm;pca;85;0.926829268292683
sets_wmedian;svm;pca;84;0.926829268292683
sets_wmedian;svm;pca;83;0.926829268292683
sets_wmedian;svm;pca;82;0.926829268292683
sets_wmedian;svm;pca;81;0.926829268292683
sets_wmedian;svm;pca;80;0.926829268292683
sets_wmedian;knn;pca;132;0.7317073170731707
sets_wmedian;knn;pca;131;0.7317073170731707
sets_wmedian;knn;pca;130;0.7317073170731707
sets_wmedian;knn;pca;129;0.7317073170731707
sets_wmedian;knn;pca;128;0.7317073170731707
sets_wmedian;knn;pca;127;0.7317073170731707
sets_wmedian;knn;pca;126;0.7317073170731707
sets_wmedian;knn;pca;125;0.7317073170731707
sets_wmedian;knn;pca;124;0.7317073170731707
sets_wmedian;knn;pca;123;0.7317073170731707
sets_wmedian;knn;pca;122;0.7317073170731707
sets_wmedian;knn;pca;121;0.7317073170731707
sets_wmedian;knn;pca;120;0.7317073170731707
sets_wmedian;knn;pca;119;0.7317073170731707
sets_wmedian;knn;pca;118;0.7317073170731707
sets_wmedian;knn;pca;117;0.7317073170731707
sets_wmedian;knn;pca;116;0.7317073170731707
sets_wmedian;knn;pca;115;0.7317073170731707
sets_wmedian;knn;pca;114;0.7317073170731707
sets_wmedian;knn;pca;113;0.7317073170731707
sets_wmedian;knn;pca;112;0.7317073170731707
sets_wmedian;knn;pca;111;0.7317073170731707
sets_wmedian;knn;pca;110;0.7317073170731707
sets_wmedian;knn;pca;109;0.7317073170731707
sets_wmedian;knn;pca;108;0.7317073170731707
sets_wmedian;knn;pca;107;0.7317073170731707
sets_wmedian;knn;pca;106;0.7317073170731707
sets_wmedian;knn;pca;105;0.7317073170731707
sets_wmedian;knn;pca;104;0.7317073170731707
sets_wmedian;knn;pca;103;0.7317073170731707
sets_wmedian;knn;pca;102;0.7317073170731707
sets_wmedian;knn;pca;101;0.7317073170731707
sets_wmedian;knn;pca;100;0.7317073170731707
sets_wmedian;knn;pca;99;0.7317073170731707
sets_wmedian;knn;pca;98;0.7317073170731707
sets_wmedian;knn;pca;97;0.7317073170731707
sets_wmedian;knn;pca;96;0.7317073170731707
sets_wmedian;knn;pca;95;0.7317073170731707
sets_wmedian;knn;pca;94;0.7317073170731707
sets_wmedian;knn;pca;93;0.7317073170731707
sets_wmedian;knn;pca;92;0.7317073170731707
sets_wmedian;knn;pca;91;0.7317073170731707
sets_wmedian;knn;pca;90;0.7317073170731707
sets_wmedian;knn;pca;89;0.7317073170731707
sets_wmedian;knn;pca;88;0.7317073170731707
sets_wmedian;knn;pca;87;0.7317073170731707
sets_wmedian;knn;pca;86;0.7317073170731707
sets_wmedian;knn;pca;85;0.7317073170731707
sets_wmedian;knn;pca;84;0.7317073170731707
sets_wmedian;knn;pca;83;0.7317073170731707
sets_wmedian;knn;pca;82;0.7317073170731707
sets_wmedian;knn;pca;81;0.7317073170731707
sets_wmedian;knn;pca;80;0.7317073170731707
sets_wmedian;ncentroids;pca;132;0.43902439024390244
sets_wmedian;ncentroids;pca;131;0.43902439024390244
sets_wmedian;ncentroids;pca;130;0.43902439024390244
sets_wmedian;ncentroids;pca;129;0.43902439024390244
sets_wmedian;ncentroids;pca;128;0.43902439024390244
sets_wmedian;ncentroids;pca;127;0.43902439024390244
sets_wmedian;ncentroids;pca;126;0.43902439024390244
sets_wmedian;ncentroids;pca;125;0.43902439024390244
sets_wmedian;ncentroids;pca;124;0.43902439024390244
sets_wmedian;ncentroids;pca;123;0.43902439024390244
sets_wmedian;ncentroids;pca;122;0.43902439024390244
sets_wmedian;ncentroids;pca;121;0.43902439024390244
sets_wmedian;ncentroids;pca;120;0.43902439024390244
sets_wmedian;ncentroids;pca;119;0.43902439024390244
sets_wmedian;ncentroids;pca;118;0.43902439024390244
sets_wmedian;ncentroids;pca;117;0.43902439024390244
sets_wmedian;ncentroids;pca;116;0.43902439024390244
sets_wmedian;ncentroids;pca;115;0.43902439024390244
sets_wmedian;ncentroids;pca;114;0.43902439024390244
sets_wmedian;ncentroids;pca;113;0.43902439024390244
sets_wmedian;ncentroids;pca;112;0.43902439024390244
sets_wmedian;ncentroids;pca;111;0.43902439024390244
sets_wmedian;ncentroids;pca;110;0.43902439024390244
sets_wmedian;ncentroids;pca;109;0.43902439024390244
sets_wmedian;ncentroids;pca;108;0.43902439024390244
sets_wmedian;ncentroids;pca;107;0.43902439024390244
sets_wmedian;ncentroids;pca;106;0.43902439024390244
sets_wmedian;ncentroids;pca;105;0.43902439024390244
sets_wmedian;ncentroids;pca;104;0.43902439024390244
sets_wmedian;ncentroids;pca;103;0.43902439024390244
sets_wmedian;ncentroids;pca;102;0.43902439024390244
sets_wmedian;ncentroids;pca;101;0.43902439024390244
sets_wmedian;ncentroids;pca;100;0.43902439024390244
sets_wmedian;ncentroids;pca;99;0.43902439024390244
sets_wmedian;ncentroids;pca;98;0.43902439024390244
sets_wmedian;ncentroids;pca;97;0.43902439024390244
sets_wmedian;ncentroids;pca;96;0.43902439024390244
sets_wmedian;ncentroids;pca;95;0.43902439024390244
sets_wmedian;ncentroids;pca;94;0.43902439024390244
sets_wmedian;ncentroids;pca;93;0.43902439024390244
sets_wmedian;ncentroids;pca;92;0.43902439024390244
sets_wmedian;ncentroids;pca;91;0.43902439024390244
sets_wmedian;ncentroids;pca;90;0.43902439024390244
sets_wmedian;ncentroids;pca;89;0.43902439024390244
sets_wmedian;ncentroids;pca;88;0.43902439024390244
sets_wmedian;ncentroids;pca;87;0.43902439024390244
sets_wmedian;ncentroids;pca;86;0.43902439024390244
sets_wmedian;ncentroids;pca;85;0.43902439024390244
sets_wmedian;ncentroids;pca;84;0.43902439024390244
sets_wmedian;ncentroids;pca;83;0.43902439024390244
sets_wmedian;ncentroids;pca;82;0.43902439024390244
sets_wmedian;ncentroids;pca;81;0.43902439024390244
sets_wmedian;ncentroids;pca;80;0.43902439024390244
sets_wmedian;tree;pca;132;0.5853658536585366
sets_wmedian;tree;pca;131;0.5609756097560976
sets_wmedian;tree;pca;130;0.5365853658536586
sets_wmedian;tree;pca;129;0.5609756097560976
sets_wmedian;tree;pca;128;0.5609756097560976
sets_wmedian;tree;pca;127;0.5853658536585366
sets_wmedian;tree;pca;126;0.6097560975609756
sets_wmedian;tree;pca;125;0.5853658536585366
sets_wmedian;tree;pca;124;0.5853658536585366
sets_wmedian;tree;pca;123;0.7073170731707317
sets_wmedian;tree;pca;122;0.5853658536585366
sets_wmedian;tree;pca;121;0.6097560975609756
sets_wmedian;tree;pca;120;0.6341463414634146
sets_wmedian;tree;pca;119;0.5609756097560976
sets_wmedian;tree;pca;118;0.6097560975609756
sets_wmedian;tree;pca;117;0.6097560975609756
sets_wmedian;tree;pca;116;0.6097560975609756
sets_wmedian;tree;pca;115;0.5853658536585366
sets_wmedian;tree;pca;114;0.5853658536585366
sets_wmedian;tree;pca;113;0.6341463414634146
sets_wmedian;tree;pca;112;0.5609756097560976
sets_wmedian;tree;pca;111;0.5365853658536586
sets_wmedian;tree;pca;110;0.5609756097560976
sets_wmedian;tree;pca;109;0.6097560975609756
sets_wmedian;tree;pca;108;0.5365853658536586
sets_wmedian;tree;pca;107;0.6097560975609756
sets_wmedian;tree;pca;106;0.6097560975609756
sets_wmedian;tree;pca;105;0.6097560975609756
sets_wmedian;tree;pca;104;0.5853658536585366
sets_wmedian;tree;pca;103;0.6097560975609756
sets_wmedian;tree;pca;102;0.5609756097560976
sets_wmedian;tree;pca;101;0.5609756097560976
sets_wmedian;tree;pca;100;0.6097560975609756
sets_wmedian;tree;pca;99;0.5853658536585366
sets_wmedian;tree;pca;98;0.5609756097560976
sets_wmedian;tree;pca;97;0.6097560975609756
sets_wmedian;tree;pca;96;0.6341463414634146
sets_wmedian;tree;pca;95;0.5609756097560976
sets_wmedian;tree;pca;94;0.6097560975609756
sets_wmedian;tree;pca;93;0.5853658536585366
sets_wmedian;tree;pca;92;0.6097560975609756
sets_wmedian;tree;pca;91;0.6097560975609756
sets_wmedian;tree;pca;90;0.5853658536585366
sets_wmedian;tree;pca;89;0.5853658536585366
sets_wmedian;tree;pca;88;0.6097560975609756
sets_wmedian;tree;pca;87;0.5365853658536586
sets_wmedian;tree;pca;86;0.5853658536585366
sets_wmedian;tree;pca;85;0.5121951219512195
sets_wmedian;tree;pca;84;0.5609756097560976
sets_wmedian;tree;pca;83;0.5853658536585366
sets_wmedian;tree;pca;82;0.6341463414634146
sets_wmedian;tree;pca;81;0.5121951219512195
sets_wmedian;tree;pca;80;0.5121951219512195
sets_wmedian;extratree;pca;132;0.2926829268292683
sets_wmedian;extratree;pca;131;0.2926829268292683
sets_wmedian;extratree;pca;130;0.24390243902439024
sets_wmedian;extratree;pca;129;0.1951219512195122
sets_wmedian;extratree;pca;128;0.2682926829268293
sets_wmedian;extratree;pca;127;0.2926829268292683
sets_wmedian;extratree;pca;126;0.24390243902439024
sets_wmedian;extratree;pca;125;0.3902439024390244
sets_wmedian;extratree;pca;124;0.17073170731707318
sets_wmedian;extratree;pca;123;0.2682926829268293
sets_wmedian;extratree;pca;122;0.2682926829268293
sets_wmedian;extratree;pca;121;0.17073170731707318
sets_wmedian;extratree;pca;120;0.21951219512195122
sets_wmedian;extratree;pca;119;0.3902439024390244
sets_wmedian;extratree;pca;118;0.34146341463414637
sets_wmedian;extratree;pca;117;0.3170731707317073
sets_wmedian;extratree;pca;116;0.24390243902439024
sets_wmedian;extratree;pca;115;0.21951219512195122
sets_wmedian;extratree;pca;114;0.2682926829268293
sets_wmedian;extratree;pca;113;0.2682926829268293
sets_wmedian;extratree;pca;112;0.1951219512195122
sets_wmedian;extratree;pca;111;0.2926829268292683
sets_wmedian;extratree;pca;110;0.4146341463414634
sets_wmedian;extratree;pca;109;0.36585365853658536
sets_wmedian;extratree;pca;108;0.2926829268292683
sets_wmedian;extratree;pca;107;0.21951219512195122
sets_wmedian;extratree;pca;106;0.1951219512195122
sets_wmedian;extratree;pca;105;0.2926829268292683
sets_wmedian;extratree;pca;104;0.43902439024390244
sets_wmedian;extratree;pca;103;0.24390243902439024
sets_wmedian;extratree;pca;102;0.24390243902439024
sets_wmedian;extratree;pca;101;0.3170731707317073
sets_wmedian;extratree;pca;100;0.24390243902439024
sets_wmedian;extratree;pca;99;0.24390243902439024
sets_wmedian;extratree;pca;98;0.2926829268292683
sets_wmedian;extratree;pca;97;0.2926829268292683
sets_wmedian;extratree;pca;96;0.3170731707317073
sets_wmedian;extratree;pca;95;0.3170731707317073
sets_wmedian;extratree;pca;94;0.34146341463414637
sets_wmedian;extratree;pca;93;0.4146341463414634
sets_wmedian;extratree;pca;92;0.3902439024390244
sets_wmedian;extratree;pca;91;0.2682926829268293
sets_wmedian;extratree;pca;90;0.21951219512195122
sets_wmedian;extratree;pca;89;0.4878048780487805
sets_wmedian;extratree;pca;88;0.36585365853658536
sets_wmedian;extratree;pca;87;0.36585365853658536
sets_wmedian;extratree;pca;86;0.2926829268292683
sets_wmedian;extratree;pca;85;0.24390243902439024
sets_wmedian;extratree;pca;84;0.2926829268292683
sets_wmedian;extratree;pca;83;0.34146341463414637
sets_wmedian;extratree;pca;82;0.24390243902439024
sets_wmedian;extratree;pca;81;0.43902439024390244
sets_wmedian;extratree;pca;80;0.3170731707317073
sets_wmedian;adaboost;pca;132;0.24390243902439024
sets_wmedian;adaboost;pca;131;0.24390243902439024
sets_wmedian;adaboost;pca;130;0.24390243902439024
sets_wmedian;adaboost;pca;129;0.24390243902439024
sets_wmedian;adaboost;pca;128;0.24390243902439024
sets_wmedian;adaboost;pca;127;0.24390243902439024
sets_wmedian;adaboost;pca;126;0.24390243902439024
sets_wmedian;adaboost;pca;125;0.24390243902439024
sets_wmedian;adaboost;pca;124;0.24390243902439024
sets_wmedian;adaboost;pca;123;0.24390243902439024
sets_wmedian;adaboost;pca;122;0.24390243902439024
sets_wmedian;adaboost;pca;121;0.24390243902439024
sets_wmedian;adaboost;pca;120;0.24390243902439024
sets_wmedian;adaboost;pca;119;0.24390243902439024
sets_wmedian;adaboost;pca;118;0.24390243902439024
sets_wmedian;adaboost;pca;117;0.24390243902439024
sets_wmedian;adaboost;pca;116;0.24390243902439024
sets_wmedian;adaboost;pca;115;0.24390243902439024
sets_wmedian;adaboost;pca;114;0.24390243902439024
sets_wmedian;adaboost;pca;113;0.24390243902439024
sets_wmedian;adaboost;pca;112;0.24390243902439024
sets_wmedian;adaboost;pca;111;0.24390243902439024
sets_wmedian;adaboost;pca;110;0.24390243902439024
sets_wmedian;adaboost;pca;109;0.24390243902439024
sets_wmedian;adaboost;pca;108;0.24390243902439024
sets_wmedian;adaboost;pca;107;0.24390243902439024
sets_wmedian;adaboost;pca;106;0.24390243902439024
sets_wmedian;adaboost;pca;105;0.24390243902439024
sets_wmedian;adaboost;pca;104;0.21951219512195122
sets_wmedian;adaboost;pca;103;0.24390243902439024
sets_wmedian;adaboost;pca;102;0.24390243902439024
sets_wmedian;adaboost;pca;101;0.21951219512195122
sets_wmedian;adaboost;pca;100;0.24390243902439024
sets_wmedian;adaboost;pca;99;0.24390243902439024
sets_wmedian;adaboost;pca;98;0.24390243902439024
sets_wmedian;adaboost;pca;97;0.24390243902439024
sets_wmedian;adaboost;pca;96;0.24390243902439024
sets_wmedian;adaboost;pca;95;0.24390243902439024
sets_wmedian;adaboost;pca;94;0.24390243902439024
sets_wmedian;adaboost;pca;93;0.24390243902439024
sets_wmedian;adaboost;pca;92;0.24390243902439024
sets_wmedian;adaboost;pca;91;0.24390243902439024
sets_wmedian;adaboost;pca;90;0.24390243902439024
sets_wmedian;adaboost;pca;89;0.24390243902439024
sets_wmedian;adaboost;pca;88;0.24390243902439024
sets_wmedian;adaboost;pca;87;0.24390243902439024
sets_wmedian;adaboost;pca;86;0.21951219512195122
sets_wmedian;adaboost;pca;85;0.21951219512195122
sets_wmedian;adaboost;pca;84;0.24390243902439024
sets_wmedian;adaboost;pca;83;0.24390243902439024
sets_wmedian;adaboost;pca;82;0.24390243902439024
sets_wmedian;adaboost;pca;81;0.24390243902439024
sets_wmedian;adaboost;pca;80;0.24390243902439024
sets_wmedian;bagging;pca;132;0.7073170731707317
sets_wmedian;bagging;pca;131;0.7317073170731707
sets_wmedian;bagging;pca;130;0.7317073170731707
sets_wmedian;bagging;pca;129;0.6829268292682927
sets_wmedian;bagging;pca;128;0.7073170731707317
sets_wmedian;bagging;pca;127;0.7073170731707317
sets_wmedian;bagging;pca;126;0.7317073170731707
sets_wmedian;bagging;pca;125;0.7317073170731707
sets_wmedian;bagging;pca;124;0.5853658536585366
sets_wmedian;bagging;pca;123;0.7073170731707317
sets_wmedian;bagging;pca;122;0.8536585365853658
sets_wmedian;bagging;pca;121;0.6829268292682927
sets_wmedian;bagging;pca;120;0.7804878048780488
sets_wmedian;bagging;pca;119;0.7317073170731707
sets_wmedian;bagging;pca;118;0.6585365853658537
sets_wmedian;bagging;pca;117;0.7560975609756098
sets_wmedian;bagging;pca;116;0.7317073170731707
sets_wmedian;bagging;pca;115;0.7317073170731707
sets_wmedian;bagging;pca;114;0.6585365853658537
sets_wmedian;bagging;pca;113;0.7317073170731707
sets_wmedian;bagging;pca;112;0.7073170731707317
sets_wmedian;bagging;pca;111;0.7317073170731707
sets_wmedian;bagging;pca;110;0.6341463414634146
sets_wmedian;bagging;pca;109;0.7804878048780488
sets_wmedian;bagging;pca;108;0.7317073170731707
sets_wmedian;bagging;pca;107;0.6829268292682927
sets_wmedian;bagging;pca;106;0.7317073170731707
sets_wmedian;bagging;pca;105;0.6829268292682927
sets_wmedian;bagging;pca;104;0.7073170731707317
sets_wmedian;bagging;pca;103;0.7317073170731707
sets_wmedian;bagging;pca;102;0.7073170731707317
sets_wmedian;bagging;pca;101;0.7560975609756098
sets_wmedian;bagging;pca;100;0.6829268292682927
sets_wmedian;bagging;pca;99;0.7560975609756098
sets_wmedian;bagging;pca;98;0.7560975609756098
sets_wmedian;bagging;pca;97;0.6829268292682927
sets_wmedian;bagging;pca;96;0.7317073170731707
sets_wmedian;bagging;pca;95;0.7804878048780488
sets_wmedian;bagging;pca;94;0.6585365853658537
sets_wmedian;bagging;pca;93;0.8048780487804879
sets_wmedian;bagging;pca;92;0.8048780487804879
sets_wmedian;bagging;pca;91;0.7073170731707317
sets_wmedian;bagging;pca;90;0.7073170731707317
sets_wmedian;bagging;pca;89;0.7073170731707317
sets_wmedian;bagging;pca;88;0.7073170731707317
sets_wmedian;bagging;pca;87;0.6829268292682927
sets_wmedian;bagging;pca;86;0.6585365853658537
sets_wmedian;bagging;pca;85;0.7317073170731707
sets_wmedian;bagging;pca;84;0.6829268292682927
sets_wmedian;bagging;pca;83;0.7317073170731707
sets_wmedian;bagging;pca;82;0.7073170731707317
sets_wmedian;bagging;pca;81;0.7073170731707317
sets_wmedian;bagging;pca;80;0.7317073170731707
sets_wmedian;extratreeS;pca;132;0.5609756097560976
sets_wmedian;extratreeS;pca;131;0.6341463414634146
sets_wmedian;extratreeS;pca;130;0.5121951219512195
sets_wmedian;extratreeS;pca;129;0.34146341463414637
sets_wmedian;extratreeS;pca;128;0.5121951219512195
sets_wmedian;extratreeS;pca;127;0.5853658536585366
sets_wmedian;extratreeS;pca;126;0.5121951219512195
sets_wmedian;extratreeS;pca;125;0.6097560975609756
sets_wmedian;extratreeS;pca;124;0.4146341463414634
sets_wmedian;extratreeS;pca;123;0.4878048780487805
sets_wmedian;extratreeS;pca;122;0.4634146341463415
sets_wmedian;extratreeS;pca;121;0.4878048780487805
sets_wmedian;extratreeS;pca;120;0.4634146341463415
sets_wmedian;extratreeS;pca;119;0.5365853658536586
sets_wmedian;extratreeS;pca;118;0.4878048780487805
sets_wmedian;extratreeS;pca;117;0.4878048780487805
sets_wmedian;extratreeS;pca;116;0.4634146341463415
sets_wmedian;extratreeS;pca;115;0.4634146341463415
sets_wmedian;extratreeS;pca;114;0.5121951219512195
sets_wmedian;extratreeS;pca;113;0.5365853658536586
sets_wmedian;extratreeS;pca;112;0.5365853658536586
sets_wmedian;extratreeS;pca;111;0.4634146341463415
sets_wmedian;extratreeS;pca;110;0.5609756097560976
sets_wmedian;extratreeS;pca;109;0.5609756097560976
sets_wmedian;extratreeS;pca;108;0.5365853658536586
sets_wmedian;extratreeS;pca;107;0.3902439024390244
sets_wmedian;extratreeS;pca;106;0.43902439024390244
sets_wmedian;extratreeS;pca;105;0.6097560975609756
sets_wmedian;extratreeS;pca;104;0.5365853658536586
sets_wmedian;extratreeS;pca;103;0.4634146341463415
sets_wmedian;extratreeS;pca;102;0.5121951219512195
sets_wmedian;extratreeS;pca;101;0.5365853658536586
sets_wmedian;extratreeS;pca;100;0.4878048780487805
sets_wmedian;extratreeS;pca;99;0.4634146341463415
sets_wmedian;extratreeS;pca;98;0.5365853658536586
sets_wmedian;extratreeS;pca;97;0.4146341463414634
sets_wmedian;extratreeS;pca;96;0.4878048780487805
sets_wmedian;extratreeS;pca;95;0.4146341463414634
sets_wmedian;extratreeS;pca;94;0.4634146341463415
sets_wmedian;extratreeS;pca;93;0.3902439024390244
sets_wmedian;extratreeS;pca;92;0.5121951219512195
sets_wmedian;extratreeS;pca;91;0.5365853658536586
sets_wmedian;extratreeS;pca;90;0.5121951219512195
sets_wmedian;extratreeS;pca;89;0.5121951219512195
sets_wmedian;extratreeS;pca;88;0.6341463414634146
sets_wmedian;extratreeS;pca;87;0.5121951219512195
sets_wmedian;extratreeS;pca;86;0.5853658536585366
sets_wmedian;extratreeS;pca;85;0.5609756097560976
sets_wmedian;extratreeS;pca;84;0.4878048780487805
sets_wmedian;extratreeS;pca;83;0.6097560975609756
sets_wmedian;extratreeS;pca;82;0.4634146341463415
sets_wmedian;extratreeS;pca;81;0.6097560975609756
sets_wmedian;extratreeS;pca;80;0.5853658536585366
sets_wmedian;gradientboost;pca;132;0.6829268292682927
sets_wmedian;gradientboost;pca;131;0.7073170731707317
sets_wmedian;gradientboost;pca;130;0.7073170731707317
sets_wmedian;gradientboost;pca;129;0.7073170731707317
sets_wmedian;gradientboost;pca;128;0.6829268292682927
sets_wmedian;gradientboost;pca;127;0.6341463414634146
sets_wmedian;gradientboost;pca;126;0.6829268292682927
sets_wmedian;gradientboost;pca;125;0.6829268292682927
sets_wmedian;gradientboost;pca;124;0.6585365853658537
sets_wmedian;gradientboost;pca;123;0.6829268292682927
sets_wmedian;gradientboost;pca;122;0.6585365853658537
sets_wmedian;gradientboost;pca;121;0.6341463414634146
sets_wmedian;gradientboost;pca;120;0.7073170731707317
sets_wmedian;gradientboost;pca;119;0.6585365853658537
sets_wmedian;gradientboost;pca;118;0.7073170731707317
sets_wmedian;gradientboost;pca;117;0.6829268292682927
sets_wmedian;gradientboost;pca;116;0.6341463414634146
sets_wmedian;gradientboost;pca;115;0.6341463414634146
sets_wmedian;gradientboost;pca;114;0.7073170731707317
sets_wmedian;gradientboost;pca;113;0.6829268292682927
sets_wmedian;gradientboost;pca;112;0.6829268292682927
sets_wmedian;gradientboost;pca;111;0.6341463414634146
sets_wmedian;gradientboost;pca;110;0.7073170731707317
sets_wmedian;gradientboost;pca;109;0.6829268292682927
sets_wmedian;gradientboost;pca;108;0.6341463414634146
sets_wmedian;gradientboost;pca;107;0.6585365853658537
sets_wmedian;gradientboost;pca;106;0.7073170731707317
sets_wmedian;gradientboost;pca;105;0.6829268292682927
sets_wmedian;gradientboost;pca;104;0.7317073170731707
sets_wmedian;gradientboost;pca;103;0.7317073170731707
sets_wmedian;gradientboost;pca;102;0.6585365853658537
sets_wmedian;gradientboost;pca;101;0.7317073170731707
sets_wmedian;gradientboost;pca;100;0.7804878048780488
sets_wmedian;gradientboost;pca;99;0.7317073170731707
sets_wmedian;gradientboost;pca;98;0.7073170731707317
sets_wmedian;gradientboost;pca;97;0.7317073170731707
sets_wmedian;gradientboost;pca;96;0.7560975609756098
sets_wmedian;gradientboost;pca;95;0.7560975609756098
sets_wmedian;gradientboost;pca;94;0.7560975609756098
sets_wmedian;gradientboost;pca;93;0.7317073170731707
sets_wmedian;gradientboost;pca;92;0.6829268292682927
sets_wmedian;gradientboost;pca;91;0.6829268292682927
sets_wmedian;gradientboost;pca;90;0.7804878048780488
sets_wmedian;gradientboost;pca;89;0.7317073170731707
sets_wmedian;gradientboost;pca;88;0.7804878048780488
sets_wmedian;gradientboost;pca;87;0.6829268292682927
sets_wmedian;gradientboost;pca;86;0.6829268292682927
sets_wmedian;gradientboost;pca;85;0.7560975609756098
sets_wmedian;gradientboost;pca;84;0.7560975609756098
sets_wmedian;gradientboost;pca;83;0.7560975609756098
sets_wmedian;gradientboost;pca;82;0.7073170731707317
sets_wmedian;gradientboost;pca;81;0.6829268292682927
sets_wmedian;gradientboost;pca;80;0.7073170731707317
sets_wmedian;rndforest;pca;132;0.6585365853658537
sets_wmedian;rndforest;pca;131;0.5121951219512195
sets_wmedian;rndforest;pca;130;0.6097560975609756
sets_wmedian;rndforest;pca;129;0.5853658536585366
sets_wmedian;rndforest;pca;128;0.5853658536585366
sets_wmedian;rndforest;pca;127;0.5121951219512195
sets_wmedian;rndforest;pca;126;0.6341463414634146
sets_wmedian;rndforest;pca;125;0.5853658536585366
sets_wmedian;rndforest;pca;124;0.5609756097560976
sets_wmedian;rndforest;pca;123;0.5853658536585366
sets_wmedian;rndforest;pca;122;0.5853658536585366
sets_wmedian;rndforest;pca;121;0.6341463414634146
sets_wmedian;rndforest;pca;120;0.6585365853658537
sets_wmedian;rndforest;pca;119;0.6097560975609756
sets_wmedian;rndforest;pca;118;0.6341463414634146
sets_wmedian;rndforest;pca;117;0.6097560975609756
sets_wmedian;rndforest;pca;116;0.5853658536585366
sets_wmedian;rndforest;pca;115;0.6097560975609756
sets_wmedian;rndforest;pca;114;0.5609756097560976
sets_wmedian;rndforest;pca;113;0.5121951219512195
sets_wmedian;rndforest;pca;112;0.5853658536585366
sets_wmedian;rndforest;pca;111;0.6341463414634146
sets_wmedian;rndforest;pca;110;0.5853658536585366
sets_wmedian;rndforest;pca;109;0.6585365853658537
sets_wmedian;rndforest;pca;108;0.6097560975609756
sets_wmedian;rndforest;pca;107;0.4634146341463415
sets_wmedian;rndforest;pca;106;0.5853658536585366
sets_wmedian;rndforest;pca;105;0.5365853658536586
sets_wmedian;rndforest;pca;104;0.6341463414634146
sets_wmedian;rndforest;pca;103;0.6585365853658537
sets_wmedian;rndforest;pca;102;0.5121951219512195
sets_wmedian;rndforest;pca;101;0.6097560975609756
sets_wmedian;rndforest;pca;100;0.7317073170731707
sets_wmedian;rndforest;pca;99;0.6097560975609756
sets_wmedian;rndforest;pca;98;0.4878048780487805
sets_wmedian;rndforest;pca;97;0.5365853658536586
sets_wmedian;rndforest;pca;96;0.6097560975609756
sets_wmedian;rndforest;pca;95;0.6341463414634146
sets_wmedian;rndforest;pca;94;0.5853658536585366
sets_wmedian;rndforest;pca;93;0.7073170731707317
sets_wmedian;rndforest;pca;92;0.6829268292682927
sets_wmedian;rndforest;pca;91;0.6829268292682927
sets_wmedian;rndforest;pca;90;0.6341463414634146
sets_wmedian;rndforest;pca;89;0.6341463414634146
sets_wmedian;rndforest;pca;88;0.6341463414634146
sets_wmedian;rndforest;pca;87;0.6829268292682927
sets_wmedian;rndforest;pca;86;0.6097560975609756
sets_wmedian;rndforest;pca;85;0.5609756097560976
sets_wmedian;rndforest;pca;84;0.6585365853658537
sets_wmedian;rndforest;pca;83;0.5853658536585366
sets_wmedian;rndforest;pca;82;0.6341463414634146
sets_wmedian;rndforest;pca;81;0.5121951219512195
sets_wmedian;rndforest;pca;80;0.4878048780487805
sets_wmedian;mlp;pca;132;0.7804878048780488
sets_wmedian;mlp;pca;131;0.7560975609756098
sets_wmedian;mlp;pca;130;0.7560975609756098
sets_wmedian;mlp;pca;129;0.7073170731707317
sets_wmedian;mlp;pca;128;0.7804878048780488
sets_wmedian;mlp;pca;127;0.7804878048780488
sets_wmedian;mlp;pca;126;0.7560975609756098
sets_wmedian;mlp;pca;125;0.7560975609756098
sets_wmedian;mlp;pca;124;0.8048780487804879
sets_wmedian;mlp;pca;123;0.7317073170731707
sets_wmedian;mlp;pca;122;0.7317073170731707
sets_wmedian;mlp;pca;121;0.8048780487804879
sets_wmedian;mlp;pca;120;0.7317073170731707
sets_wmedian;mlp;pca;119;0.7317073170731707
sets_wmedian;mlp;pca;118;0.7560975609756098
sets_wmedian;mlp;pca;117;0.8048780487804879
sets_wmedian;mlp;pca;116;0.7804878048780488
sets_wmedian;mlp;pca;115;0.7560975609756098
sets_wmedian;mlp;pca;114;0.7804878048780488
sets_wmedian;mlp;pca;113;0.6829268292682927
sets_wmedian;mlp;pca;112;0.6829268292682927
sets_wmedian;mlp;pca;111;0.7560975609756098
sets_wmedian;mlp;pca;110;0.7073170731707317
sets_wmedian;mlp;pca;109;0.8048780487804879
sets_wmedian;mlp;pca;108;0.6829268292682927
sets_wmedian;mlp;pca;107;0.7317073170731707
sets_wmedian;mlp;pca;106;0.7804878048780488
sets_wmedian;mlp;pca;105;0.7804878048780488
sets_wmedian;mlp;pca;104;0.7317073170731707
sets_wmedian;mlp;pca;103;0.8048780487804879
sets_wmedian;mlp;pca;102;0.6097560975609756
sets_wmedian;mlp;pca;101;0.6829268292682927
sets_wmedian;mlp;pca;100;0.7804878048780488
sets_wmedian;mlp;pca;99;0.7317073170731707
sets_wmedian;mlp;pca;98;0.6585365853658537
sets_wmedian;mlp;pca;97;0.8048780487804879
sets_wmedian;mlp;pca;96;0.7317073170731707
sets_wmedian;mlp;pca;95;0.7317073170731707
sets_wmedian;mlp;pca;94;0.7317073170731707
sets_wmedian;mlp;pca;93;0.7560975609756098
sets_wmedian;mlp;pca;92;0.7560975609756098
sets_wmedian;mlp;pca;91;0.7317073170731707
sets_wmedian;mlp;pca;90;0.8048780487804879
sets_wmedian;mlp;pca;89;0.7073170731707317
sets_wmedian;mlp;pca;88;0.7560975609756098
sets_wmedian;mlp;pca;87;0.6341463414634146
sets_wmedian;mlp;pca;86;0.7560975609756098
sets_wmedian;mlp;pca;85;0.7073170731707317
sets_wmedian;mlp;pca;84;0.7073170731707317
sets_wmedian;mlp;pca;83;0.7560975609756098
sets_wmedian;mlp;pca;82;0.7317073170731707
sets_wmedian;mlp;pca;81;0.7804878048780488
sets_wmedian;mlp;pca;80;0.7560975609756098
